Customer_ID,Age,Annual_Income,Tenure_Months,Monthly_Spend,Support_Calls,Satisfaction_Score,Contract_Type,Internet_Service,Churn
20001,22,70616.0,27,1978.0,4,4.5,Annual,Fiber,0
20002,55,85796.0,32,2085.0,2,3.3,Annual,Fiber,0
20003,49,75958.0,13,974.0,6,3.4,Annual,Fiber,1
20004,39,23757.0,68,2266.0,1,2.7,Monthly,DSL,0
20005,38,70479.0,62,3074.0,2,4.5,Annual,Fiber,0
20006,59,66297.0,62,1439.0,1,2.9,Monthly,DSL,0
20007,22,72450.0,24,2435.0,4,3.9,Two Year,Fiber,0
20008,51,94092.0,24,1559.0,1,3.5,Monthly,Fiber,0
20009,27,27862.0,62,1730.0,0,2.7,Monthly,Fiber,0
20010,22,54360.0,40,3234.0,1,3.1,Two Year,None,0
20011,43,75636.0,51,1820.0,3,4.8,Monthly,DSL,1
20012,64,36531.0,36,2524.0,2,3.8,Monthly,Fiber,0
20013,53,91567.0,32,890.0,2,2.7,Annual,DSL,0
20014,54,71630.0,46,3504.0,1,3.9,Monthly,Fiber,0
20015,52,80239.0,59,2622.0,2,3.5,Monthly,Fiber,0
20016,55,54723.0,25,2072.0,5,5.0,Monthly,Fiber,0
20017,42,79648.0,59,2603.0,1,3.9,Monthly,Fiber,0
20018,24,84232.0,18,1213.0,2,3.3,Monthly,Fiber,1
20019,58,69192.0,30,3028.0,2,4.9,Monthly,DSL,0
20020,39,69219.0,66,1973.0,2,1.9,Monthly,Fiber,0
20021,42,69866.0,69,2057.0,2,3.7,Monthly,DSL,0
20022,35,49460.0,67,1856.0,1,5.0,Monthly,DSL,0
20023,26,62344.0,23,1794.0,1,3.5,Annual,DSL,0
20024,62,62255.0,61,2686.0,3,2.0,Annual,DSL,0
20025,55,71901.0,68,2379.0,3,3.2,Monthly,DSL,0
20026,48,82997.0,71,2656.0,0,4.9,Monthly,Fiber,0
20027,37,45946.0,2,2194.0,5,3.9,Two Year,Fiber,0
20028,57,,54,2559.0,0,2.8,Annual,Fiber,0
20029,44,91666.0,72,1907.0,3,3.0,Monthly,None,0
20030,39,51615.0,56,3761.0,2,3.1,Monthly,Fiber,0
20031,39,50199.0,17,1102.0,3,3.9,Monthly,DSL,1
20032,28,68642.0,55,3083.0,0,4.8,Annual,DSL,0
20033,22,80199.0,8,3158.0,3,4.5,Two Year,Fiber,0
20034,44,65206.0,35,1603.0,3,4.0,Two Year,DSL,0
20035,60,88921.0,46,3760.0,1,2.4,Monthly,Fiber,1
20036,21,80422.0,33,2897.0,2,2.4,Monthly,Fiber,0
20037,59,80153.0,51,2880.0,1,4.1,Monthly,DSL,0
20038,57,74974.0,18,2220.0,1,2.4,Monthly,Fiber,0
20039,31,106898.0,44,2048.0,2,3.4,Monthly,Fiber,1
20040,48,61307.0,47,2053.0,3,3.9,Annual,Fiber,0
20041,25,28937.0,46,2473.0,5,2.6,Monthly,Fiber,0
20042,54,93877.0,21,3181.0,4,2.7,Two Year,DSL,1
20043,51,56761.0,22,2327.0,1,3.5,Monthly,DSL,0
20044,35,66942.0,19,1562.0,5,4.1,Monthly,Fiber,0
20045,21,88572.0,34,2777.0,3,4.6,Two Year,Fiber,0
20046,64,36159.0,43,2845.0,1,4.1,Annual,Fiber,0
20047,39,42470.0,27,2658.0,3,3.7,Monthly,DSL,0
20048,60,36177.0,30,2722.0,2,2.9,Annual,DSL,0
20049,50,50706.0,21,2010.0,0,2.6,Monthly,Fiber,0
20050,55,72913.0,16,1550.0,3,3.1,Monthly,Fiber,1
20051,54,74435.0,48,1592.0,3,4.0,Monthly,None,0
20052,27,69973.0,59,1055.0,1,,Monthly,DSL,0
20053,35,39570.0,21,2366.0,1,1.7,Annual,Fiber,0
20054,40,23418.0,62,2142.0,0,2.9,Monthly,DSL,0
20055,41,65978.0,42,1892.0,4,4.7,Annual,Fiber,0
20056,20,56508.0,13,500.0,2,3.7,Annual,Fiber,0
20057,44,73269.0,27,1327.0,4,2.3,Monthly,DSL,0
20058,25,77635.0,1,2985.0,1,5.0,Monthly,Fiber,0
20059,53,67488.0,3,1735.0,1,3.6,Monthly,Fiber,0
20060,50,78682.0,25,2452.0,1,3.9,Annual,None,0
20061,62,69126.0,33,1227.0,2,4.0,Annual,DSL,0
20062,53,74541.0,58,3207.0,0,3.3,Annual,Fiber,0
20063,35,52316.0,10,2099.0,1,2.9,Monthly,DSL,0
20064,64,61767.0,61,2403.0,2,5.0,Monthly,DSL,0
20065,37,68542.0,17,3828.0,1,4.5,Monthly,DSL,0
20066,33,79770.0,10,3262.0,2,4.3,Monthly,None,0
20067,61,57913.0,51,1985.0,1,4.1,Annual,DSL,0
20068,35,74381.0,56,1785.0,3,2.7,Monthly,Fiber,0
20069,21,60215.0,44,1972.0,1,4.7,Monthly,Fiber,0
20070,40,62884.0,9,2557.0,1,2.8,Monthly,DSL,0
20071,56,79931.0,9,2126.0,3,3.9,Monthly,None,0
20072,27,29125.0,29,1923.0,2,2.1,Annual,Fiber,1
20073,40,41663.0,33,3227.0,0,1.8,Monthly,Fiber,0
20074,24,38321.0,72,2120.0,0,3.9,Two Year,DSL,0
20075,50,22995.0,21,3810.0,2,2.9,Annual,Fiber,0
20076,40,52791.0,14,2264.0,3,1.8,Two Year,Fiber,0
20077,33,78490.0,69,3450.0,2,4.1,Annual,DSL,0
20078,28,59872.0,12,2450.0,0,5.0,Annual,DSL,0
20079,45,68560.0,2,2874.0,4,4.9,Annual,DSL,0
20080,50,84606.0,31,1693.0,2,3.4,Monthly,DSL,0
20081,63,88898.0,29,1602.0,2,3.6,Monthly,Fiber,0
20082,38,63756.0,45,2522.0,1,4.4,Annual,None,0
20083,25,89365.0,64,2892.0,1,4.6,Monthly,Fiber,0
20084,57,66658.0,68,2228.0,1,3.3,Monthly,Fiber,0
20085,48,49927.0,21,1300.0,3,3.6,Two Year,DSL,0
20086,51,54301.0,71,1248.0,0,3.9,Monthly,DSL,0
20087,22,,46,1201.0,0,4.1,Monthly,DSL,0
20088,32,49014.0,6,963.0,2,3.5,Annual,Fiber,0
20089,54,58556.0,68,2277.0,1,3.5,Monthly,None,0
20090,57,79465.0,10,2988.0,3,4.8,Two Year,DSL,0
20091,38,95974.0,43,2191.0,3,4.7,Monthly,DSL,0
20092,56,40121.0,57,618.0,0,4.0,Two Year,None,0
20093,58,72071.0,18,2066.0,6,5.0,Annual,Fiber,0
20094,36,46270.0,20,2086.0,2,3.3,Monthly,DSL,0
20095,61,73545.0,35,3667.0,5,5.0,Monthly,DSL,1
20096,31,62640.0,64,1180.0,0,4.1,Monthly,DSL,0
20097,29,32044.0,17,1927.0,1,5.0,Monthly,DSL,0
20098,50,,48,3394.0,0,2.5,Monthly,DSL,0
20099,48,54110.0,33,2515.0,1,3.0,Two Year,Fiber,0
20100,24,55390.0,9,2594.0,2,4.0,Monthly,Fiber,0
20101,57,45744.0,52,2280.0,2,4.0,Annual,None,0
20102,27,53223.0,60,2431.0,5,5.0,Monthly,None,0
20103,56,72702.0,42,2744.0,3,3.0,Two Year,None,0
20104,18,61594.0,13,1633.0,4,4.4,Monthly,Fiber,0
20105,56,70916.0,12,2815.0,1,4.6,Monthly,Fiber,0
20106,55,71515.0,31,1239.0,2,4.2,Annual,DSL,0
20107,55,88772.0,37,2430.0,3,2.7,Monthly,DSL,0
20108,49,58830.0,40,2325.0,4,4.9,Annual,Fiber,0
20109,40,38417.0,18,1769.0,1,4.7,Monthly,DSL,0
20110,51,84210.0,37,2184.0,2,4.1,Monthly,Fiber,0
20111,31,59033.0,22,1764.0,1,3.8,Monthly,Fiber,0
20112,55,85063.0,50,1450.0,1,3.8,Annual,Fiber,0
20113,44,71901.0,58,1952.0,4,3.5,Monthly,Fiber,0
20114,40,62640.0,47,1427.0,4,4.2,Monthly,Fiber,0
20115,42,71278.0,1,2426.0,0,3.6,Monthly,None,0
20116,45,100118.0,72,1395.0,1,2.8,Monthly,DSL,0
20117,19,102386.0,2,2698.0,3,2.7,Monthly,None,0
20118,24,66249.0,72,1373.0,0,2.9,Two Year,Fiber,0
20119,29,67883.0,3,1804.0,2,3.8,Monthly,Fiber,1
20120,23,84372.0,38,1763.0,2,3.6,Annual,Fiber,0
20121,39,49778.0,8,3128.0,3,3.8,Monthly,DSL,0
20122,50,70995.0,7,2431.0,4,4.1,Monthly,Fiber,1
20123,49,64534.0,50,2052.0,2,3.0,Monthly,DSL,0
20124,40,70650.0,53,2549.0,4,4.9,Monthly,DSL,0
20125,59,49999.0,9,725.0,5,3.4,Monthly,DSL,0
20126,45,36388.0,71,2170.0,0,3.2,Monthly,Fiber,1
20127,21,27686.0,24,3598.0,0,4.0,Monthly,Fiber,0
20128,54,44887.0,23,2293.0,2,1.9,Two Year,Fiber,0
20129,45,56744.0,22,2248.0,1,2.9,Monthly,Fiber,0
20130,48,59723.0,34,2584.0,1,4.5,Monthly,DSL,0
20131,45,99870.0,13,2827.0,2,2.0,Monthly,Fiber,0
20132,44,84908.0,31,802.0,2,4.6,Monthly,DSL,0
20133,22,47682.0,16,1022.0,5,5.0,Annual,Fiber,0
20134,44,71259.0,4,2347.0,0,3.3,Monthly,None,0
20135,56,57673.0,27,1700.0,4,3.9,Annual,None,0
20136,32,59881.0,49,3118.0,2,4.6,Monthly,Fiber,0
20137,46,68336.0,55,1979.0,1,3.2,Monthly,DSL,0
20138,19,76145.0,26,846.0,3,4.4,Two Year,Fiber,1
20139,34,58893.0,24,1312.0,1,3.0,Monthly,DSL,1
20140,38,84149.0,57,500.0,4,3.2,Annual,DSL,0
20141,65,44445.0,50,2036.0,1,2.9,Monthly,DSL,0
20142,28,65114.0,60,2068.0,1,3.9,Two Year,DSL,0
20143,31,111758.0,66,1903.0,0,4.6,Monthly,Fiber,1
20144,37,69015.0,60,2955.0,4,3.4,Monthly,DSL,0
20145,65,90798.0,68,3039.0,1,2.5,Annual,DSL,0
20146,58,66647.0,30,2081.0,0,2.6,Monthly,Fiber,0
20147,19,75454.0,29,706.0,2,4.0,Monthly,Fiber,0
20148,29,63978.0,24,2632.0,4,5.0,Two Year,DSL,0
20149,57,61933.0,17,2589.0,2,4.0,Annual,DSL,0
20150,20,50969.0,54,2417.0,1,3.3,Annual,Fiber,0
20151,59,72745.0,52,2887.0,1,4.3,Annual,None,0
20152,31,49672.0,58,1385.0,1,3.4,,DSL,0
20153,62,76981.0,13,3606.0,2,3.3,Two Year,Fiber,0
20154,32,84535.0,36,1528.0,3,2.7,Annual,Fiber,1
20155,38,71598.0,16,2724.0,1,4.9,Monthly,DSL,0
20156,49,59848.0,65,1019.0,2,1.3,Monthly,DSL,0
20157,24,73171.0,20,1549.0,4,4.3,Annual,DSL,0
20158,44,59444.0,11,3261.0,2,3.2,Annual,Fiber,0
20159,42,81840.0,42,2017.0,1,3.2,Monthly,DSL,0
20160,55,32035.0,64,2788.0,2,5.0,Monthly,DSL,0
20161,65,58959.0,66,2366.0,4,3.0,Monthly,DSL,0
20162,49,29165.0,7,2127.0,1,3.0,Monthly,Fiber,0
20163,37,38089.0,24,3155.0,5,3.5,Annual,DSL,0
20164,37,89550.0,12,2034.0,3,4.0,Monthly,Fiber,0
20165,38,81113.0,23,953.0,1,3.2,Annual,Fiber,0
20166,57,52049.0,39,1638.0,1,2.2,Annual,DSL,0
20167,33,37955.0,21,2586.0,4,2.8,Two Year,DSL,0
20168,26,20000.0,5,2477.0,1,4.8,Monthly,Fiber,0
20169,34,55217.0,37,1103.0,2,3.7,Two Year,DSL,0
20170,19,108567.0,4,1693.0,3,4.0,Annual,Fiber,0
20171,23,72828.0,17,1793.0,6,3.4,Annual,Fiber,0
20172,22,54928.0,1,1944.0,4,3.0,Monthly,Fiber,0
20173,55,73371.0,7,1237.0,1,5.0,Monthly,Fiber,0
20174,52,36903.0,32,1760.0,2,3.4,Annual,DSL,1
20175,51,59648.0,62,1690.0,1,3.2,Monthly,DSL,0
20176,40,66791.0,56,2740.0,3,4.6,Monthly,DSL,0
20177,52,63450.0,8,2766.0,3,2.9,Annual,Fiber,0
20178,25,79235.0,3,2098.0,2,3.1,Annual,Fiber,0
20179,61,71204.0,25,1926.0,4,3.6,Monthly,Fiber,1
20180,42,77030.0,47,2298.0,2,3.6,Monthly,DSL,0
20181,63,52609.0,54,1628.0,2,3.8,Monthly,Fiber,0
20182,25,81161.0,60,1397.0,2,5.0,Two Year,Fiber,0
20183,41,94321.0,25,1542.0,6,3.9,Two Year,DSL,0
20184,51,47537.0,13,1756.0,1,1.5,Monthly,DSL,0
20185,41,49021.0,2,1386.0,3,3.9,Monthly,Fiber,1
20186,39,89044.0,11,2313.0,3,3.6,Monthly,Fiber,0
20187,25,61556.0,5,2711.0,2,3.6,Monthly,DSL,0
20188,36,90269.0,62,1089.0,3,3.8,Two Year,Fiber,0
20189,29,57034.0,20,2218.0,1,3.6,Monthly,Fiber,0
20190,32,91191.0,60,2046.0,1,3.6,Monthly,DSL,0
20191,50,67367.0,40,2439.0,1,4.2,Monthly,Fiber,0
20192,48,69648.0,39,2191.0,3,3.1,Monthly,Fiber,0
20193,47,93165.0,33,1182.0,1,2.7,Annual,Fiber,0
20194,35,58488.0,59,1316.0,2,5.0,Annual,Fiber,0
20195,64,48060.0,4,2221.0,2,3.0,Annual,Fiber,0
20196,22,56926.0,7,2920.0,2,3.7,Monthly,Fiber,1
20197,34,73142.0,31,650.0,1,2.3,Two Year,DSL,0
20198,23,36816.0,29,2442.0,1,3.7,Monthly,Fiber,0
20199,34,76474.0,40,3033.0,2,,Annual,DSL,0
20200,64,55302.0,54,2093.0,2,3.2,Two Year,None,0
20201,35,85661.0,43,2585.0,2,4.5,Monthly,Fiber,0
20202,61,21903.0,19,1708.0,1,4.0,Two Year,Fiber,0
20203,41,50842.0,24,2116.0,0,4.1,Monthly,DSL,0
20204,51,34644.0,55,1065.0,3,2.0,Annual,None,0
20205,39,50128.0,15,559.0,6,5.0,Monthly,DSL,0
20206,30,69458.0,37,2860.0,1,2.5,Monthly,Fiber,0
20207,54,61774.0,39,1511.0,1,5.0,Monthly,Fiber,0
20208,64,60439.0,55,1881.0,5,4.5,Monthly,Fiber,0
20209,30,62135.0,52,1229.0,2,4.1,Monthly,DSL,0
20210,55,68661.0,34,1213.0,3,2.8,Monthly,DSL,1
20211,30,46846.0,23,2078.0,1,3.7,Annual,Fiber,0
20212,52,77723.0,27,1689.0,0,3.2,Monthly,DSL,0
20213,55,76928.0,30,2465.0,0,3.6,Monthly,Fiber,0
20214,39,71931.0,16,2517.0,2,3.4,Two Year,DSL,0
20215,53,75018.0,46,2425.0,4,1.8,Two Year,Fiber,0
20216,31,70336.0,16,2367.0,1,4.6,Monthly,DSL,0
20217,21,101631.0,47,3304.0,5,3.5,Monthly,DSL,1
20218,22,63432.0,55,1453.0,4,3.2,Annual,DSL,0
20219,39,59473.0,70,2162.0,1,3.1,Annual,Fiber,0
20220,61,51437.0,9,2993.0,1,,Monthly,DSL,0
20221,24,46419.0,55,3085.0,1,2.8,,DSL,0
20222,39,42600.0,7,1205.0,1,1.6,,Fiber,0
20223,51,49002.0,25,1981.0,2,4.0,Monthly,Fiber,1
20224,27,63728.0,13,3151.0,0,4.1,Annual,DSL,0
20225,52,71017.0,12,2556.0,2,3.4,Annual,Fiber,0
20226,32,65921.0,13,2337.0,2,2.6,Annual,Fiber,0
20227,56,51220.0,4,2048.0,1,,Monthly,Fiber,0
20228,45,81203.0,60,1931.0,4,2.3,Monthly,Fiber,0
20229,44,78309.0,5,2402.0,2,2.7,Monthly,Fiber,0
20230,26,62126.0,29,2023.0,3,2.9,Monthly,DSL,0
20231,40,53248.0,51,2170.0,2,4.4,Monthly,Fiber,0
20232,59,74872.0,72,2255.0,1,3.3,Monthly,DSL,1
20233,18,68384.0,62,1725.0,3,3.2,Monthly,Fiber,1
20234,54,38934.0,10,2572.0,1,5.0,Annual,Fiber,0
20235,41,63776.0,72,4240.0,1,3.9,Monthly,Fiber,0
20236,52,69717.0,48,956.0,2,3.9,Monthly,DSL,0
20237,49,48805.0,13,2427.0,2,3.3,Annual,None,0
20238,38,68417.0,33,1668.0,5,3.1,Monthly,Fiber,0
20239,32,38813.0,67,2604.0,2,1.6,Two Year,Fiber,0
20240,48,89051.0,29,2233.0,0,4.5,Monthly,Fiber,0
20241,24,87463.0,14,2733.0,1,4.0,Monthly,Fiber,1
20242,46,60455.0,64,3023.0,3,3.4,Two Year,DSL,0
20243,22,71542.0,69,2335.0,2,3.5,Annual,Fiber,0
20244,49,21621.0,71,2992.0,1,4.3,Annual,None,0
20245,48,44186.0,69,559.0,1,2.2,Annual,DSL,0
20246,22,59712.0,63,3313.0,2,3.1,Monthly,Fiber,0
20247,54,45702.0,33,2463.0,1,2.6,Annual,DSL,0
20248,37,77859.0,14,2954.0,2,5.0,Two Year,Fiber,1
20249,55,100951.0,45,1346.0,1,4.4,Two Year,DSL,0
20250,19,43821.0,16,1618.0,1,1.6,Monthly,Fiber,0
20251,26,49926.0,35,2302.0,0,2.2,Monthly,DSL,0
20252,41,69238.0,48,2188.0,2,3.5,Annual,Fiber,0
20253,27,94000.0,69,2398.0,2,3.2,Monthly,Fiber,0
20254,33,,21,2959.0,2,2.4,Monthly,DSL,0
20255,49,69483.0,19,964.0,3,5.0,Monthly,Fiber,0
20256,24,97783.0,53,2882.0,4,3.9,Monthly,Fiber,0
20257,50,35268.0,1,2206.0,3,4.0,Monthly,DSL,0
20258,22,41941.0,41,2057.0,3,3.0,Monthly,Fiber,0
20259,26,57375.0,54,1170.0,2,4.3,Monthly,DSL,0
20260,46,55629.0,40,2552.0,2,3.3,Monthly,DSL,0
20261,56,79627.0,28,510.0,1,3.3,Two Year,DSL,0
20262,26,69350.0,60,2654.0,0,4.1,Monthly,Fiber,0
20263,32,33051.0,27,1156.0,3,2.1,Monthly,Fiber,0
20264,62,74277.0,52,2237.0,2,5.0,Monthly,None,0
20265,65,54604.0,34,2117.0,4,3.8,Monthly,Fiber,0
20266,45,87940.0,2,3019.0,0,4.8,,Fiber,0
20267,39,53703.0,39,2075.0,1,2.6,Two Year,Fiber,0
20268,34,53541.0,4,1714.0,3,2.8,Monthly,Fiber,1
20269,47,74740.0,68,1845.0,1,2.6,Monthly,DSL,0
20270,46,78733.0,44,3091.0,4,3.8,Monthly,DSL,0
20271,32,73066.0,27,2575.0,1,3.7,Monthly,DSL,0
20272,19,34659.0,36,1930.0,3,3.2,Monthly,DSL,0
20273,25,74685.0,45,2034.0,0,2.7,Monthly,Fiber,0
20274,64,46382.0,19,1103.0,4,2.5,Monthly,Fiber,1
20275,38,69235.0,21,2472.0,2,3.6,Annual,Fiber,0
20276,41,39373.0,31,968.0,1,3.2,Monthly,DSL,0
20277,40,73034.0,19,2726.0,1,3.0,Monthly,Fiber,0
20278,55,50481.0,55,2290.0,2,5.0,Monthly,DSL,0
20279,21,41913.0,8,3871.0,5,3.5,Monthly,Fiber,1
20280,21,77849.0,60,1430.0,3,4.7,Monthly,DSL,0
20281,31,69350.0,26,2128.0,1,3.1,Monthly,DSL,0
20282,41,53948.0,41,3459.0,1,3.8,Monthly,DSL,0
20283,50,91121.0,12,3034.0,1,,Monthly,Fiber,0
20284,41,57068.0,28,1713.0,3,2.1,Annual,None,0
20285,39,65578.0,55,2357.0,3,4.9,Two Year,Fiber,0
20286,63,69840.0,20,2201.0,2,3.5,Monthly,Fiber,1
20287,25,53846.0,10,2397.0,2,4.3,Monthly,Fiber,0
20288,45,73480.0,38,1711.0,1,2.9,Annual,Fiber,0
20289,44,55398.0,12,2137.0,2,3.5,Annual,DSL,0
20290,40,57591.0,23,1081.0,0,2.8,Monthly,Fiber,0
20291,56,89528.0,33,2295.0,4,4.7,Monthly,Fiber,0
20292,30,46269.0,41,2515.0,3,3.9,Monthly,DSL,0
20293,63,21570.0,47,2041.0,1,3.9,Annual,DSL,0
20294,33,93997.0,49,1069.0,3,4.8,Monthly,DSL,0
20295,44,110888.0,61,2892.0,1,4.6,Monthly,DSL,0
20296,42,57705.0,5,2455.0,3,4.3,Monthly,Fiber,0
20297,58,,27,1692.0,1,2.3,Monthly,DSL,0
20298,39,59411.0,1,2004.0,1,3.0,Monthly,Fiber,0
20299,31,59848.0,1,1150.0,3,2.7,Annual,Fiber,0
20300,19,61581.0,16,1482.0,1,4.3,Monthly,Fiber,0
20301,35,44959.0,44,1824.0,3,3.8,Monthly,DSL,0
20302,57,75432.0,65,3060.0,5,2.3,Monthly,Fiber,1
20303,18,74441.0,56,1752.0,1,3.4,Annual,DSL,0
20304,61,38101.0,47,2648.0,4,2.3,Monthly,Fiber,0
20305,44,77586.0,57,1823.0,1,3.6,Monthly,Fiber,1
20306,24,101948.0,13,2374.0,2,2.1,Monthly,Fiber,1
20307,32,68095.0,61,2101.0,2,4.1,Annual,Fiber,0
20308,44,58928.0,65,2811.0,2,3.9,Annual,Fiber,0
20309,33,62444.0,7,1826.0,2,5.0,Two Year,DSL,0
20310,23,76075.0,34,1099.0,6,4.4,Annual,Fiber,0
20311,49,33848.0,60,1233.0,2,3.2,Monthly,Fiber,1
20312,50,67959.0,35,1828.0,0,4.3,Monthly,DSL,0
20313,23,57972.0,61,1326.0,3,2.3,Monthly,Fiber,0
20314,31,98261.0,68,2487.0,1,2.7,Annual,Fiber,0
20315,29,61865.0,35,1874.0,7,3.9,Annual,Fiber,1
20316,49,95022.0,5,3862.0,0,1.7,Monthly,Fiber,0
20317,53,45133.0,25,984.0,1,3.6,Two Year,Fiber,0
20318,52,75571.0,16,2343.0,2,2.7,Monthly,DSL,0
20319,63,70749.0,35,1410.0,4,3.7,Monthly,Fiber,0
20320,54,49357.0,43,1855.0,1,2.6,Monthly,DSL,0
20321,33,68193.0,34,2299.0,2,4.0,Two Year,Fiber,0
20322,23,86825.0,15,572.0,3,3.6,Two Year,DSL,0
20323,47,59172.0,22,2366.0,1,4.9,Monthly,DSL,0
20324,61,34545.0,49,3532.0,1,3.6,Two Year,Fiber,0
20325,64,64684.0,2,1883.0,1,2.9,Two Year,Fiber,0
20326,29,48756.0,16,2382.0,2,3.4,Annual,Fiber,0
20327,29,58838.0,65,2917.0,1,2.4,Two Year,None,0
20328,19,63531.0,8,2085.0,0,4.0,Monthly,None,0
20329,24,34298.0,30,1793.0,4,4.1,Annual,Fiber,0
20330,44,35918.0,15,607.0,0,5.0,Annual,DSL,0
20331,44,73677.0,8,2649.0,3,3.0,,Fiber,1
20332,35,55591.0,31,2121.0,2,3.4,Monthly,Fiber,0
20333,32,20000.0,38,1491.0,2,3.1,Annual,DSL,0
20334,57,79127.0,13,2289.0,5,3.8,Two Year,Fiber,0
20335,40,69903.0,6,1791.0,0,3.9,Monthly,Fiber,0
20336,56,52150.0,10,1830.0,2,3.6,Two Year,DSL,0
20337,64,41297.0,47,2624.0,1,4.6,Monthly,Fiber,0
20338,33,80045.0,62,1263.0,0,3.0,Monthly,DSL,0
20339,27,71288.0,13,2933.0,0,4.5,Monthly,Fiber,0
20340,63,107887.0,24,1222.0,4,4.1,Annual,Fiber,1
20341,48,72563.0,25,1736.0,3,3.6,Annual,Fiber,0
20342,31,71979.0,26,3546.0,1,3.3,Monthly,None,0
20343,47,61995.0,18,2989.0,6,5.0,Annual,Fiber,0
20344,42,79702.0,4,2268.0,2,2.9,Monthly,Fiber,0
20345,61,76252.0,38,1542.0,2,3.9,Monthly,DSL,0
20346,30,87531.0,26,1830.0,1,2.9,Two Year,None,0
20347,65,55616.0,25,2251.0,0,5.0,,None,0
20348,62,57163.0,20,2226.0,0,4.4,Annual,DSL,0
20349,26,56376.0,67,2136.0,2,3.0,Annual,Fiber,0
20350,25,79234.0,44,2178.0,1,4.1,Two Year,DSL,0
20351,43,91971.0,31,2050.0,0,3.8,Monthly,DSL,0
20352,20,56741.0,15,1191.0,3,3.1,Monthly,DSL,0
20353,32,57354.0,58,1838.0,1,4.3,Monthly,DSL,0
20354,38,70653.0,64,2840.0,2,4.0,Annual,Fiber,0
20355,64,60576.0,3,1242.0,5,3.8,Annual,Fiber,0
20356,65,82137.0,67,2067.0,0,3.6,Annual,DSL,0
20357,25,24468.0,51,1626.0,0,4.0,Monthly,Fiber,0
20358,60,50119.0,8,2278.0,0,3.8,Monthly,Fiber,0
20359,22,50917.0,55,1928.0,3,3.7,Annual,Fiber,0
20360,53,23234.0,8,3234.0,1,3.0,Two Year,DSL,0
20361,58,47655.0,4,2555.0,1,5.0,Monthly,DSL,0
20362,60,48527.0,9,1282.0,1,2.7,Monthly,DSL,0
20363,28,61380.0,34,2670.0,3,4.0,Monthly,DSL,0
20364,60,85033.0,45,1658.0,1,3.3,Monthly,DSL,0
20365,23,60589.0,30,1796.0,1,5.0,Monthly,DSL,0
20366,42,46445.0,9,2420.0,3,,Monthly,Fiber,0
20367,40,63975.0,15,1856.0,1,2.9,Annual,DSL,0
20368,33,83885.0,62,2825.0,1,2.7,Monthly,Fiber,0
20369,19,47433.0,70,1658.0,2,3.9,Monthly,Fiber,0
20370,55,48610.0,55,1767.0,4,2.4,Monthly,Fiber,1
20371,34,75054.0,8,1741.0,0,3.2,Two Year,DSL,0
20372,49,61012.0,60,1804.0,4,1.7,Monthly,DSL,0
20373,37,76655.0,50,2969.0,3,3.8,Monthly,None,0
20374,35,64754.0,38,2640.0,0,3.1,Monthly,None,0
20375,60,77630.0,11,3397.0,1,2.3,Annual,DSL,0
20376,22,46369.0,72,3787.0,2,4.6,Two Year,Fiber,0
20377,53,64782.0,32,1478.0,0,2.4,Monthly,DSL,0
20378,53,61208.0,4,2249.0,1,4.3,Monthly,DSL,0
20379,36,43114.0,16,1377.0,2,3.0,Monthly,DSL,0
20380,30,36857.0,29,1656.0,3,5.0,Annual,Fiber,0
20381,18,77343.0,5,1759.0,6,4.3,Two Year,Fiber,0
20382,62,58683.0,24,1460.0,2,2.7,Monthly,None,0
20383,63,46599.0,34,1464.0,1,2.8,Monthly,Fiber,0
20384,29,63269.0,69,2099.0,1,4.1,Annual,Fiber,0
20385,19,85304.0,7,1348.0,1,3.4,Annual,Fiber,0
20386,23,23947.0,42,2789.0,2,3.4,Monthly,Fiber,0
20387,21,38061.0,66,1558.0,2,4.7,Monthly,Fiber,0
20388,57,48388.0,59,4167.0,3,2.9,Monthly,None,0
20389,60,91301.0,67,1884.0,3,3.7,Annual,DSL,1
20390,25,70087.0,13,2250.0,2,4.5,Annual,None,0
20391,53,78812.0,58,1293.0,2,4.3,Annual,Fiber,0
20392,26,44477.0,71,3394.0,0,3.5,Annual,Fiber,0
20393,35,44848.0,24,2984.0,0,3.3,Monthly,Fiber,0
20394,46,73061.0,36,2408.0,1,2.0,Monthly,Fiber,0
20395,52,66049.0,39,1257.0,4,2.6,Monthly,Fiber,0
20396,59,74877.0,36,2347.0,0,3.9,Two Year,DSL,0
20397,20,61622.0,21,1415.0,1,3.5,Annual,None,0
20398,27,70007.0,70,3224.0,0,3.7,Monthly,Fiber,0
20399,31,67846.0,69,2766.0,1,4.5,Monthly,Fiber,0
20400,32,79000.0,28,2267.0,4,2.5,Annual,Fiber,0
20401,65,79526.0,58,500.0,3,3.4,Annual,Fiber,0
20402,55,35842.0,29,1512.0,2,3.8,Annual,Fiber,0
20403,33,24549.0,58,2681.0,1,3.0,Monthly,Fiber,0
20404,64,83031.0,43,3049.0,3,4.9,Two Year,Fiber,0
20405,41,86379.0,34,2976.0,3,4.4,Annual,Fiber,0
20406,42,46629.0,10,1086.0,0,3.9,Annual,DSL,0
20407,38,31523.0,48,2411.0,4,5.0,Annual,Fiber,0
20408,24,66783.0,24,2911.0,1,2.3,Two Year,Fiber,0
20409,62,,16,1039.0,0,3.6,Two Year,Fiber,0
20410,18,97357.0,14,2194.0,0,3.9,Annual,Fiber,0
20411,26,74293.0,71,2392.0,2,2.8,Monthly,DSL,0
20412,29,58309.0,8,1989.0,3,3.9,Monthly,DSL,0
20413,31,48924.0,58,903.0,1,2.6,Annual,DSL,0
20414,24,65206.0,63,1972.0,2,4.2,Annual,DSL,0
20415,18,59613.0,3,1971.0,3,4.6,Monthly,Fiber,0
20416,50,46729.0,43,2096.0,2,3.8,Monthly,Fiber,1
20417,64,101878.0,42,1806.0,2,1.9,Two Year,Fiber,0
20418,23,97133.0,26,1890.0,1,2.7,Two Year,Fiber,0
20419,32,85449.0,49,2172.0,3,4.1,Two Year,DSL,0
20420,42,48425.0,30,2510.0,3,3.6,Monthly,Fiber,1
20421,62,80390.0,32,1987.0,4,1.2,Annual,Fiber,0
20422,51,76513.0,32,1913.0,1,4.7,Annual,Fiber,0
20423,54,72966.0,58,2265.0,1,3.7,Monthly,Fiber,0
20424,45,87494.0,46,855.0,2,2.9,Monthly,None,0
20425,38,76437.0,28,2534.0,0,4.5,Two Year,Fiber,0
20426,27,78320.0,67,2200.0,2,3.0,Monthly,Fiber,0
20427,59,76464.0,58,2228.0,6,3.0,Annual,Fiber,1
20428,56,71134.0,68,2873.0,1,3.9,Annual,DSL,0
20429,19,32895.0,53,833.0,1,5.0,Annual,Fiber,0
20430,52,66505.0,29,818.0,1,5.0,Monthly,DSL,0
20431,22,54989.0,56,2392.0,1,3.9,Annual,Fiber,0
20432,53,41963.0,24,2195.0,2,4.0,Monthly,Fiber,0
20433,57,95273.0,20,2319.0,4,4.3,Annual,DSL,0
20434,24,96122.0,33,1877.0,1,2.5,Monthly,Fiber,0
20435,38,89466.0,70,2665.0,0,4.2,Annual,Fiber,0
20436,23,69594.0,41,2853.0,6,2.9,Annual,DSL,0
20437,45,89311.0,28,2539.0,0,3.9,Monthly,Fiber,0
20438,62,65217.0,34,2017.0,2,3.4,Monthly,Fiber,0
20439,21,68650.0,21,725.0,0,4.1,Annual,DSL,0
20440,37,45318.0,48,2738.0,2,3.7,Monthly,Fiber,0
20441,64,72146.0,26,3055.0,0,1.0,Monthly,Fiber,0
20442,32,66087.0,40,2651.0,2,3.8,Monthly,Fiber,0
20443,24,41552.0,27,1584.0,4,4.2,Two Year,DSL,0
20444,41,64078.0,24,2672.0,1,4.0,Annual,Fiber,0
20445,42,63565.0,70,2802.0,0,3.5,Monthly,Fiber,0
20446,49,97356.0,25,3291.0,4,5.0,Two Year,DSL,0
20447,33,81096.0,6,1587.0,3,3.9,Monthly,DSL,0
20448,63,65206.0,28,2041.0,3,4.0,Monthly,None,0
20449,43,69478.0,39,2723.0,1,4.5,Monthly,Fiber,0
20450,31,65796.0,7,2240.0,3,3.9,Monthly,Fiber,1
20451,64,61348.0,23,1418.0,2,2.8,Monthly,Fiber,0
20452,62,45516.0,12,2490.0,5,1.4,Annual,DSL,0
20453,41,62281.0,37,2605.0,5,3.2,Monthly,Fiber,0
20454,19,51570.0,53,2262.0,1,4.3,Annual,DSL,0
20455,46,42494.0,70,2354.0,1,3.3,Monthly,Fiber,0
20456,44,74202.0,29,2019.0,2,4.3,Monthly,DSL,0
20457,25,72043.0,63,3235.0,5,3.7,Monthly,DSL,0
20458,48,32839.0,16,1570.0,1,4.8,Annual,Fiber,0
20459,58,62792.0,57,1789.0,3,3.3,Annual,None,0
20460,23,82923.0,41,2208.0,4,4.0,Monthly,None,0
20461,52,84066.0,55,2815.0,5,4.1,Monthly,Fiber,1
20462,24,83465.0,55,1152.0,4,5.0,Monthly,Fiber,0
20463,53,65700.0,39,1283.0,2,2.1,Annual,DSL,0
20464,38,49789.0,19,774.0,0,3.2,Monthly,Fiber,0
20465,18,45493.0,38,2223.0,1,4.4,Annual,Fiber,0
20466,64,71203.0,60,1417.0,1,5.0,Monthly,Fiber,0
20467,25,71827.0,70,1931.0,0,3.8,Monthly,None,0
20468,46,88172.0,67,2663.0,1,3.3,Annual,Fiber,0
20469,26,84800.0,14,1751.0,2,4.3,Monthly,DSL,0
20470,62,62620.0,44,2362.0,1,4.4,Monthly,Fiber,0
20471,53,42604.0,8,1990.0,3,3.3,Two Year,Fiber,0
20472,56,59256.0,49,2670.0,1,3.9,Monthly,DSL,0
20473,38,68910.0,72,2533.0,3,4.7,Monthly,Fiber,1
20474,40,61363.0,4,1716.0,4,5.0,Monthly,Fiber,0
20475,48,54598.0,48,2082.0,2,4.3,Monthly,Fiber,1
20476,55,69552.0,69,2931.0,4,3.6,Annual,DSL,0
20477,58,55929.0,61,2475.0,3,3.6,Monthly,Fiber,0
20478,18,53695.0,29,1222.0,3,4.1,Two Year,Fiber,0
20479,49,70606.0,8,2659.0,1,3.5,Annual,Fiber,0
20480,23,57764.0,67,1441.0,2,3.8,Two Year,Fiber,0
20481,31,69394.0,67,3189.0,2,2.6,Annual,Fiber,0
20482,57,69918.0,42,2917.0,1,4.8,Two Year,Fiber,0
20483,30,44490.0,71,2403.0,5,2.6,Annual,Fiber,0
20484,56,56338.0,1,2310.0,3,3.2,Monthly,Fiber,0
20485,40,90880.0,45,2054.0,3,3.7,Monthly,DSL,0
20486,29,44083.0,3,2675.0,0,5.0,Annual,DSL,0
20487,34,26900.0,68,1940.0,5,3.2,Monthly,Fiber,1
20488,43,31487.0,49,2365.0,0,3.0,Annual,Fiber,0
20489,54,65524.0,66,2810.0,1,3.1,Monthly,Fiber,0
20490,47,65557.0,41,1807.0,1,5.0,Annual,None,0
20491,62,62883.0,6,1769.0,1,1.1,Monthly,Fiber,1
20492,59,86855.0,2,1364.0,1,2.7,Two Year,Fiber,1
20493,54,20000.0,25,1455.0,2,5.0,Monthly,Fiber,0
20494,46,72127.0,54,920.0,4,4.1,Monthly,Fiber,0
20495,31,93106.0,11,2711.0,3,2.6,Annual,Fiber,1
20496,37,44700.0,62,3466.0,4,3.6,Annual,Fiber,0
20497,23,58163.0,18,3198.0,2,3.7,Annual,DSL,0
20498,35,51448.0,36,1062.0,0,4.4,Two Year,DSL,0
20499,62,48902.0,15,2707.0,4,5.0,Monthly,DSL,0
20500,38,59127.0,34,3195.0,3,3.9,Annual,DSL,0
20501,23,90695.0,33,1880.0,1,3.1,Monthly,Fiber,0
20502,49,98073.0,1,2271.0,2,4.3,Monthly,None,0
20503,64,58953.0,41,794.0,2,3.0,Monthly,DSL,1
20504,59,99291.0,57,2387.0,2,2.7,Monthly,DSL,1
20505,31,65640.0,68,1456.0,1,2.0,Annual,DSL,0
20506,39,96566.0,24,2340.0,1,2.2,Annual,Fiber,0
20507,43,63321.0,64,1107.0,0,2.8,Monthly,Fiber,0
20508,29,67359.0,64,2580.0,1,2.5,Two Year,Fiber,0
20509,30,71579.0,72,2917.0,1,3.9,Monthly,Fiber,0
20510,29,122219.0,27,1652.0,3,2.5,Monthly,Fiber,0
20511,65,80323.0,62,1404.0,1,1.0,Annual,Fiber,0
20512,53,52269.0,41,691.0,1,2.7,Monthly,Fiber,0
20513,58,82442.0,5,2014.0,2,3.2,Monthly,None,0
20514,57,58487.0,20,1793.0,2,3.1,Annual,DSL,0
20515,64,56184.0,49,1114.0,3,5.0,Monthly,DSL,0
20516,23,81355.0,12,2517.0,1,3.0,Monthly,Fiber,0
20517,60,65560.0,32,1885.0,1,4.4,Annual,DSL,0
20518,21,70014.0,56,1447.0,2,3.6,Monthly,DSL,0
20519,40,65252.0,11,1812.0,0,3.6,Annual,DSL,0
20520,46,71058.0,36,2950.0,3,2.8,Annual,DSL,0
20521,35,72649.0,16,2622.0,0,3.5,Monthly,Fiber,0
20522,25,30135.0,39,2109.0,1,2.9,Monthly,Fiber,0
20523,27,76998.0,18,2633.0,3,3.8,Monthly,DSL,0
20524,57,47324.0,70,1387.0,0,3.4,Annual,None,0
20525,33,39039.0,6,2223.0,0,2.7,Monthly,Fiber,0
20526,32,63949.0,70,2303.0,2,4.5,Two Year,Fiber,0
20527,62,66512.0,58,1871.0,2,4.0,Monthly,Fiber,0
20528,24,52517.0,62,2505.0,1,3.2,Annual,Fiber,0
20529,61,79959.0,62,1654.0,6,3.7,Monthly,None,0
20530,62,40841.0,14,2557.0,6,3.5,Monthly,DSL,0
20531,46,57675.0,68,2586.0,4,2.8,Monthly,Fiber,0
20532,25,54472.0,43,500.0,3,3.7,Annual,Fiber,0
20533,25,64161.0,70,3033.0,4,3.0,Two Year,Fiber,0
20534,31,70020.0,64,500.0,4,2.7,Monthly,Fiber,0
20535,45,46858.0,42,1769.0,1,2.1,Monthly,Fiber,0
20536,25,78037.0,27,2918.0,2,3.3,Monthly,DSL,0
20537,39,66134.0,9,1978.0,3,4.1,Monthly,DSL,0
20538,23,30945.0,8,1174.0,1,3.0,Two Year,Fiber,1
20539,43,29745.0,29,1434.0,3,5.0,Two Year,DSL,0
20540,19,64778.0,59,2919.0,1,4.4,Two Year,DSL,0
20541,52,61023.0,37,855.0,2,4.8,Monthly,Fiber,0
20542,20,63138.0,35,2990.0,2,4.3,Monthly,DSL,0
20543,27,64496.0,18,2161.0,1,5.0,Annual,DSL,0
20544,26,69060.0,41,1365.0,3,2.9,Monthly,DSL,0
20545,57,82058.0,46,1792.0,6,1.3,Annual,Fiber,0
20546,20,45000.0,71,1488.0,1,3.2,Monthly,Fiber,0
20547,38,43905.0,53,2806.0,2,4.1,Monthly,Fiber,0
20548,46,45320.0,44,2713.0,3,3.7,Two Year,Fiber,0
20549,42,70201.0,66,997.0,2,3.8,Monthly,Fiber,0
20550,50,87409.0,31,1917.0,2,4.8,Two Year,DSL,0
20551,56,57236.0,68,1596.0,1,3.9,Monthly,Fiber,0
20552,36,20000.0,27,3105.0,1,4.3,Monthly,Fiber,0
20553,57,34328.0,10,1255.0,4,2.8,Monthly,None,1
20554,33,50005.0,31,3323.0,0,2.6,Monthly,Fiber,0
20555,65,54961.0,10,2177.0,1,5.0,Monthly,Fiber,0
20556,42,57649.0,9,1387.0,1,3.7,Monthly,DSL,0
20557,53,65694.0,64,1726.0,1,3.0,Annual,Fiber,0
20558,60,59389.0,58,1639.0,4,3.0,Two Year,Fiber,0
20559,56,83888.0,16,1308.0,1,3.0,Monthly,DSL,0
20560,58,52832.0,61,2266.0,2,3.0,Monthly,Fiber,0
20561,43,49478.0,5,1340.0,3,2.4,Monthly,Fiber,1
20562,20,73620.0,21,674.0,2,2.2,Annual,Fiber,1
20563,41,37358.0,51,1934.0,2,3.4,Annual,DSL,0
20564,26,72014.0,22,938.0,3,3.1,Monthly,Fiber,1
20565,60,66846.0,53,1673.0,2,4.6,Monthly,DSL,0
20566,29,62346.0,63,1564.0,1,3.9,Monthly,Fiber,0
20567,28,93589.0,5,1590.0,1,3.8,Monthly,DSL,0
20568,29,53800.0,2,3601.0,3,2.9,Monthly,Fiber,1
20569,48,102085.0,68,2239.0,5,3.5,Two Year,Fiber,0
20570,45,60942.0,38,2372.0,1,3.9,Monthly,Fiber,0
20571,63,42014.0,37,957.0,1,4.2,Monthly,DSL,0
20572,37,66259.0,34,1742.0,2,3.5,Monthly,Fiber,0
20573,31,45628.0,32,2351.0,2,4.6,Annual,Fiber,0
20574,20,51468.0,50,1483.0,1,3.6,Monthly,Fiber,0
20575,18,72147.0,42,2836.0,1,4.3,Monthly,Fiber,0
20576,35,75000.0,12,1358.0,3,3.2,Monthly,DSL,0
20577,62,53801.0,46,2000.0,2,2.0,Annual,Fiber,0
20578,43,82773.0,49,1790.0,2,3.8,Monthly,Fiber,0
20579,60,85835.0,9,2315.0,0,4.3,Two Year,Fiber,0
20580,22,90853.0,28,1752.0,0,4.1,Monthly,Fiber,0
20581,22,74529.0,57,2010.0,2,4.0,Monthly,Fiber,0
20582,58,89542.0,45,2035.0,1,3.3,Two Year,Fiber,0
20583,23,31146.0,10,1686.0,4,2.9,Annual,Fiber,1
20584,20,59278.0,3,2540.0,1,4.1,Monthly,None,0
20585,37,49394.0,42,2367.0,4,4.0,Annual,Fiber,0
20586,62,67146.0,34,2138.0,4,3.1,Monthly,DSL,0
20587,51,54714.0,70,1899.0,1,4.6,Monthly,Fiber,0
20588,22,62009.0,38,2758.0,0,2.8,Annual,Fiber,0
20589,58,98879.0,68,2035.0,1,3.1,Annual,Fiber,0
20590,58,61945.0,16,1985.0,3,5.0,Monthly,Fiber,1
20591,56,72448.0,33,2273.0,5,4.4,Annual,DSL,0
20592,61,60819.0,11,3388.0,3,3.3,Monthly,DSL,0
20593,29,66363.0,42,1262.0,2,3.9,Monthly,DSL,0
20594,65,65108.0,14,2739.0,2,3.7,Two Year,DSL,0
20595,33,73070.0,36,875.0,3,1.1,Monthly,Fiber,0
20596,56,85976.0,25,2352.0,3,2.8,Annual,Fiber,0
20597,45,94653.0,14,3303.0,4,,Annual,DSL,0
20598,55,70573.0,7,2542.0,1,3.3,Annual,Fiber,0
20599,48,75612.0,37,2319.0,2,3.8,Monthly,Fiber,0
20600,48,44284.0,69,1808.0,0,4.6,Two Year,None,0
20601,47,63418.0,15,2222.0,0,3.3,Annual,None,0
20602,55,81925.0,30,2024.0,1,2.6,Annual,DSL,0
20603,53,80587.0,17,1650.0,1,3.9,Monthly,Fiber,0
20604,24,68809.0,59,1997.0,2,3.3,Monthly,DSL,0
20605,57,80955.0,30,2339.0,2,3.5,Monthly,Fiber,1
20606,43,73834.0,71,1663.0,3,3.3,Monthly,Fiber,0
20607,33,86606.0,18,1636.0,3,5.0,Monthly,Fiber,0
20608,42,70208.0,6,1248.0,1,1.6,Annual,None,0
20609,64,58597.0,42,2474.0,0,3.3,Two Year,None,0
20610,59,71045.0,47,2582.0,2,3.6,Monthly,DSL,0
20611,58,20000.0,72,2362.0,0,2.9,Monthly,Fiber,0
20612,40,71892.0,63,2876.0,1,4.4,Annual,Fiber,0
20613,55,20000.0,64,2262.0,1,4.3,Monthly,Fiber,0
20614,36,33978.0,46,2474.0,2,3.6,Two Year,DSL,0
20615,50,73132.0,26,2413.0,1,3.4,Monthly,Fiber,0
20616,48,73596.0,31,2136.0,1,3.5,Monthly,Fiber,0
20617,29,44076.0,10,1828.0,1,3.5,Monthly,DSL,0
20618,30,52182.0,32,3750.0,1,3.5,Two Year,Fiber,0
20619,20,89670.0,27,1884.0,2,3.4,Monthly,DSL,0
20620,24,56287.0,3,1734.0,1,3.8,Annual,Fiber,0
20621,38,,15,2504.0,1,4.3,Monthly,DSL,0
20622,40,64965.0,39,2376.0,4,2.5,Monthly,Fiber,0
20623,25,72345.0,27,1217.0,1,2.7,Two Year,Fiber,0
20624,38,94104.0,72,2986.0,0,2.0,Monthly,Fiber,0
20625,47,67358.0,35,2134.0,0,4.4,Monthly,Fiber,0
20626,29,46958.0,70,1422.0,2,3.8,Monthly,DSL,0
20627,34,63025.0,48,3032.0,3,4.1,Two Year,Fiber,1
20628,35,64359.0,3,2638.0,1,2.3,Monthly,Fiber,0
20629,42,40435.0,15,1315.0,1,5.0,Monthly,DSL,0
20630,35,60395.0,51,3444.0,1,3.1,Two Year,Fiber,0
20631,53,51641.0,40,2661.0,1,3.8,Annual,DSL,0
20632,33,81638.0,22,2193.0,1,4.4,Two Year,DSL,0
20633,38,65623.0,38,3313.0,2,2.7,Annual,Fiber,0
20634,36,59910.0,66,2312.0,1,3.1,Annual,DSL,0
20635,26,63089.0,28,2180.0,2,3.8,Monthly,Fiber,1
20636,50,69016.0,4,1738.0,5,5.0,Monthly,Fiber,0
20637,29,76103.0,23,2607.0,3,3.9,Annual,Fiber,0
20638,32,47005.0,68,2534.0,2,5.0,Annual,DSL,0
20639,56,46251.0,55,2210.0,1,4.7,Two Year,DSL,0
20640,63,84884.0,61,1647.0,3,3.9,Annual,Fiber,0
20641,50,57578.0,66,2291.0,1,2.7,Monthly,None,0
20642,61,39497.0,9,2151.0,2,4.6,Monthly,Fiber,0
20643,59,72989.0,21,1267.0,1,2.3,Annual,DSL,0
20644,41,73341.0,5,1170.0,4,5.0,Monthly,DSL,0
20645,54,37447.0,1,2596.0,3,3.8,Annual,None,0
20646,33,69131.0,61,500.0,5,1.2,Annual,None,1
20647,40,78240.0,68,2344.0,1,3.3,Monthly,None,0
20648,43,71739.0,12,1865.0,4,4.2,Annual,Fiber,0
20649,64,76376.0,52,3116.0,2,3.4,Annual,DSL,0
20650,58,39723.0,39,1855.0,1,4.2,Two Year,DSL,0
20651,41,70959.0,5,2662.0,3,2.8,Monthly,DSL,0
20652,49,59553.0,66,1922.0,2,2.4,Annual,Fiber,0
20653,27,56310.0,63,2280.0,2,3.5,Monthly,None,0
20654,56,80670.0,41,2716.0,3,3.6,Monthly,Fiber,0
20655,44,91627.0,51,1876.0,1,3.3,Monthly,Fiber,0
20656,43,97299.0,29,2898.0,2,4.7,Two Year,Fiber,0
20657,54,88667.0,58,1504.0,1,2.8,Two Year,Fiber,0
20658,48,63025.0,33,2406.0,4,3.9,Monthly,DSL,1
20659,21,71349.0,72,2846.0,2,3.7,Annual,Fiber,0
20660,31,78803.0,5,2662.0,1,2.2,Monthly,DSL,1
20661,26,67181.0,13,3542.0,4,2.4,,DSL,0
20662,53,67354.0,70,1666.0,4,3.6,Monthly,Fiber,0
20663,19,79828.0,21,1235.0,3,5.0,Annual,DSL,0
20664,27,63933.0,23,1504.0,5,4.1,Monthly,Fiber,0
20665,46,51873.0,57,2662.0,4,2.0,Annual,DSL,1
20666,51,57539.0,14,2549.0,3,1.0,Monthly,None,0
20667,42,76410.0,37,2272.0,0,4.3,Annual,Fiber,0
20668,59,65054.0,21,1414.0,4,3.5,Annual,DSL,0
20669,62,71124.0,15,2737.0,1,4.6,Monthly,Fiber,1
20670,24,77061.0,70,1343.0,2,,Monthly,Fiber,0
20671,63,58253.0,15,3011.0,0,3.9,,DSL,0
20672,47,78612.0,7,4200.0,2,4.4,Annual,Fiber,0
20673,48,71819.0,49,2457.0,1,3.2,Monthly,DSL,0
20674,22,42773.0,63,2608.0,2,3.2,Monthly,Fiber,1
20675,47,90961.0,10,1855.0,0,3.6,Monthly,Fiber,1
20676,52,55987.0,51,933.0,1,4.1,Annual,DSL,0
20677,45,35208.0,39,1778.0,1,3.6,Annual,Fiber,0
20678,22,46189.0,60,1435.0,2,4.5,Monthly,DSL,0
20679,43,46621.0,10,1187.0,2,3.2,Annual,Fiber,0
20680,62,65939.0,71,3406.0,0,2.4,Annual,DSL,0
20681,52,,45,2391.0,2,5.0,Annual,DSL,0
20682,24,58937.0,61,2466.0,5,3.1,Monthly,Fiber,0
20683,64,76155.0,27,1984.0,5,3.1,Monthly,Fiber,1
20684,64,71118.0,68,2079.0,4,3.5,Monthly,Fiber,0
20685,26,70689.0,46,2875.0,0,3.7,Monthly,None,0
20686,56,72377.0,10,2177.0,0,3.3,Monthly,Fiber,0
20687,37,76090.0,67,2571.0,1,3.6,Monthly,Fiber,0
20688,46,27057.0,58,2063.0,3,3.6,Monthly,DSL,0
20689,39,58440.0,22,1960.0,1,3.8,Annual,Fiber,0
20690,55,25756.0,40,1215.0,2,1.5,Monthly,Fiber,0
20691,65,65649.0,28,816.0,2,5.0,Annual,Fiber,0
20692,56,64917.0,40,2017.0,3,3.5,Monthly,Fiber,1
20693,62,83820.0,70,2240.0,0,4.1,Annual,DSL,0
20694,63,86377.0,65,1300.0,1,2.4,Monthly,DSL,0
20695,22,68650.0,16,2176.0,2,3.2,Annual,None,0
20696,30,55994.0,70,2238.0,0,3.0,Annual,DSL,0
20697,52,73733.0,32,691.0,1,4.9,Monthly,Fiber,0
20698,46,55497.0,51,1559.0,1,3.1,Annual,Fiber,1
20699,20,64975.0,56,2485.0,2,4.3,Monthly,DSL,1
20700,22,82750.0,35,2471.0,0,3.0,Annual,None,0
20013,53,91567.0,32,890.0,2,2.7,Annual,DSL,0
20089,54,58556.0,68,2277.0,1,3.5,Monthly,None,0
20242,46,60455.0,64,3023.0,3,3.4,Two Year,DSL,0
20391,53,78812.0,58,1293.0,2,4.3,Annual,Fiber,0
