Order_ID,Order_Date,Region,Sales_Channel,Product_Category,Customer_Age,Units_Sold,Unit_Price,Discount,Customer_Rating,Revenue
ORD-10001,2023-01-01 00:00:00.000000000,West,Online,Clothing,50.0,10,2796.8,0.2,5.0,22374.4
ORD-10002,2023-01-02 02:59:43.359013867,East,Online,Beauty,33.0,2,2137.46,0.05,3.3,4061.17
ORD-10003,2023-01-03 05:59:26.718027734,East,Wholesale,Clothing,55.0,8,1759.79,0.0,4.6,14078.32
ORD-10004,2023-01-04 08:59:10.077041602,West,Online,Furniture,51.0,8,3443.07,0.0,4.3,27544.56
ORD-10005,2023-01-05 11:58:53.436055469,East,Online,Office Supplies,30.0,4,2042.21,0.1,4.2,7351.96
ORD-10006,2023-01-06 14:58:36.795069337,West,Store,Beauty,30.0,3,1734.87,0.1,4.2,4684.15
ORD-10007,2023-01-07 17:58:20.154083204,West,Online,Office Supplies,36.0,7,2027.34,0.15,3.9,12062.67
ORD-10008,2023-01-08 20:58:03.513097072,North,Store,Furniture,42.0,3,2029.46,0.0,4.9,6088.38
ORD-10009,2023-01-09 23:57:46.872110939,North,Online,Clothing,31.0,7,2857.74,0.0,4.3,20004.18
ORD-10010,2023-01-11 02:57:30.231124807,South,Wholesale,Clothing,,2,1785.78,0.0,4.1,3571.56
ORD-10011,2023-01-12 05:57:13.590138674,South,Online,Clothing,43.0,5,3374.49,0.1,4.7,15185.2
ORD-10012,2023-01-13 08:56:56.949152542,West,Store,Furniture,27.0,5,1138.48,0.15,4.5,4838.54
ORD-10013,2023-01-14 11:56:40.308166409,West,Online,Office Supplies,51.0,9,2320.54,0.1,4.2,18796.37
ORD-10014,2023-01-15 14:56:23.667180277,North,Online,Clothing,20.0,1,1048.63,0.1,4.1,943.77
ORD-10015,2023-01-16 17:56:07.026194144,South,Online,Furniture,62.0,4,,0.1,5.0,11386.19
ORD-10016,2023-01-17 20:55:50.385208012,West,Online,Beauty,55.0,8,1552.08,0.0,4.2,12416.64
ORD-10017,2023-01-18 23:55:33.744221879,North,Online,Office Supplies,22.0,6,1756.36,0.0,3.8,10538.16
ORD-10018,2023-01-20 02:55:17.103235747,West,Store,Electronics,56.0,9,2493.18,0.2,3.3,17950.9
ORD-10019,2023-01-21 05:55:00.462249614,North,Online,Furniture,33.0,10,2741.51,0.05,3.7,26044.34
ORD-10020,2023-01-22 08:54:43.821263482,South,Online,Beauty,49.0,9,966.09,0.15,3.2,7390.59
ORD-10021,2023-01-23 11:54:27.180277349,West,Wholesale,Clothing,29.0,4,1540.38,0.1,4.0,5545.37
ORD-10022,2023-01-24 14:54:10.539291217,South,Wholesale,Office Supplies,33.0,2,753.81,0.0,4.1,1507.62
ORD-10023,2023-01-25 17:53:53.898305084,South,Wholesale,Office Supplies,18.0,1,1902.98,0.0,2.6,1902.98
ORD-10024,2023-01-26 20:53:37.257318952,South,Online,Furniture,49.0,8,1723.97,0.0,3.9,13791.76
ORD-10025,2023-01-27 23:53:20.616332819,East,Online,Beauty,46.0,2,1538.3,0.05,4.3,2922.77
ORD-10026,2023-01-29 02:53:03.975346687,South,Online,Furniture,22.0,10,1286.65,0.05,4.0,12223.18
ORD-10027,2023-01-30 05:52:47.334360554,West,Online,Beauty,31.0,7,1510.57,0.05,3.3,10045.29
ORD-10028,2023-01-31 08:52:30.693374422,South,Online,Electronics,49.0,1,1240.2,0.1,4.7,1116.18
ORD-10029,2023-02-01 11:52:14.052388289,South,Store,Office Supplies,56.0,9,2196.72,0.1,3.4,17793.43
ORD-10030,2023-02-02 14:51:57.411402157,East,Online,Furniture,45.0,3,2936.96,0.0,3.1,8810.88
ORD-10031,2023-02-03 17:51:40.770416024,East,Online,Office Supplies,25.0,11,351.96,0.05,3.2,3677.98
ORD-10032,2023-02-04 20:51:24.129429892,East,Wholesale,Clothing,47.0,3,1713.02,0.2,3.9,4111.25
ORD-10033,2023-02-05 23:51:07.488443759,East,Online,Electronics,28.0,7,1486.37,0.0,4.5,10404.59
ORD-10034,2023-02-07 02:50:50.847457627,West,Online,Electronics,39.0,6,2169.28,0.1,4.7,11714.11
ORD-10035,2023-02-08 05:50:34.206471494,West,Store,Office Supplies,41.0,4,1086.17,0.1,4.0,3910.21
ORD-10036,2023-02-09 08:50:17.565485362,West,Online,Clothing,28.0,2,1690.17,0.1,3.1,3042.31
ORD-10037,2023-02-10 11:50:00.924499229,East,Store,Electronics,57.0,1,1020.31,0.05,3.5,969.29
ORD-10038,2023-02-11 14:49:44.283513097,East,Online,Beauty,52.0,6,2322.52,0.05,3.3,13238.36
ORD-10039,2023-02-12 17:49:27.642526964,South,Store,Office Supplies,23.0,11,1874.46,0.1,3.8,18557.15
ORD-10040,2023-02-13 20:49:11.001540832,West,Store,Beauty,40.0,4,1678.89,0.15,2.7,5708.23
ORD-10041,2023-02-14 23:48:54.360554699,South,Store,Electronics,23.0,4,2077.64,0.05,4.0,7895.03
ORD-10042,2023-02-16 02:48:37.719568567,North,Online,Beauty,53.0,8,1615.14,0.0,4.3,12921.12
ORD-10043,2023-02-17 05:48:21.078582434,West,Store,Clothing,36.0,11,634.63,0.0,3.8,6980.93
ORD-10044,2023-02-18 08:48:04.437596302,North,Wholesale,Beauty,35.0,6,2246.8,0.15,4.2,11458.68
ORD-10045,2023-02-19 11:47:47.796610169,West,Online,Beauty,29.0,11,2016.2,0.05,3.3,21069.29
ORD-10046,2023-02-20 14:47:31.155624037,East,Online,Electronics,22.0,8,1684.44,0.0,3.0,13475.52
ORD-10047,2023-02-21 17:47:14.514637904,North,Online,Electronics,24.0,9,2538.69,0.1,3.5,20563.39
ORD-10048,2023-02-22 20:46:57.873651772,North,Wholesale,Beauty,44.0,3,2713.87,0.15,4.7,6920.37
ORD-10049,2023-02-23 23:46:41.232665639,South,Wholesale,Office Supplies,52.0,7,980.79,0.1,4.6,6178.98
ORD-10050,2023-02-25 02:46:24.591679507,North,Online,Furniture,47.0,8,1214.19,0.0,3.6,9713.52
ORD-10051,2023-02-26 05:46:07.950693374,North,Wholesale,Clothing,28.0,4,2960.46,0.05,4.7,11249.75
ORD-10052,2023-02-27 08:45:51.309707242,East,Online,Beauty,62.0,9,2864.14,0.05,3.7,24488.4
ORD-10053,2023-02-28 11:45:34.668721109,West,Store,Furniture,49.0,5,1246.21,0.0,4.9,6231.05
ORD-10054,2023-03-01 14:45:18.027734977,South,Online,Beauty,60.0,8,914.47,0.2,4.2,5852.61
ORD-10055,2023-03-02 17:45:01.386748844,West,Wholesale,Electronics,18.0,5,1321.82,0.1,3.6,5948.19
ORD-10056,2023-03-03 20:44:44.745762712,West,Online,Clothing,20.0,1,1426.41,0.0,4.4,1426.41
ORD-10057,2023-03-04 23:44:28.104776579,West,Online,Furniture,20.0,2,611.95,0.15,3.4,1040.32
ORD-10058,2023-03-06 02:44:11.463790447,East,Store,Office Supplies,55.0,11,1823.38,0.2,3.3,16045.74
ORD-10059,2023-03-07 05:43:54.822804314,South,Online,Clothing,35.0,8,839.87,0.15,3.0,5711.12
ORD-10060,2023-03-08 08:43:38.181818182,East,Online,Furniture,30.0,7,892.21,0.05,4.1,5933.2
ORD-10061,2023-03-09 11:43:21.540832049,South,Online,Electronics,46.0,9,2487.08,0.0,3.9,22383.72
ORD-10062,2023-03-10 14:43:04.899845917,South,Wholesale,Office Supplies,51.0,3,1287.61,0.1,3.8,3476.55
ORD-10063,2023-03-11 17:42:48.258859784,South,Store,Beauty,39.0,5,1746.4,0.1,3.6,7858.8
ORD-10064,2023-03-12 20:42:31.617873652,North,Store,Furniture,36.0,5,2271.82,0.15,4.8,9655.24
ORD-10065,2023-03-13 23:42:14.976887519,West,Store,Office Supplies,36.0,8,,0.2,3.6,15423.49
ORD-10066,2023-03-15 02:41:58.335901386,North,Store,Electronics,33.0,6,1547.23,0.15,3.4,7890.87
ORD-10067,2023-03-16 05:41:41.694915254,North,Store,Furniture,36.0,3,1833.09,0.05,4.7,5224.31
ORD-10068,2023-03-17 08:41:25.053929121,North,Store,Electronics,41.0,6,1180.95,0.1,4.8,6377.13
ORD-10069,2023-03-18 11:41:08.412942989,West,Store,Electronics,33.0,5,3110.53,0.0,,15552.65
ORD-10070,2023-03-19 14:40:51.771956856,East,Online,Beauty,43.0,3,2287.46,0.1,2.8,6176.14
ORD-10071,2023-03-20 17:40:35.130970724,West,Online,Beauty,49.0,3,972.57,0.0,3.5,2917.71
ORD-10072,2023-03-21 20:40:18.489984591,North,Store,Beauty,51.0,3,1803.04,0.0,4.3,5409.12
ORD-10073,2023-03-22 23:40:01.848998459,East,Online,Clothing,18.0,6,2335.16,0.0,3.9,14010.96
ORD-10074,2023-03-24 02:39:45.208012326,South,Wholesale,Electronics,48.0,4,2159.56,0.05,4.9,8206.33
ORD-10075,2023-03-25 05:39:28.567026194,South,Store,Beauty,33.0,5,3171.88,0.05,3.0,15066.43
ORD-10076,2023-03-26 08:39:11.926040061,North,Online,Electronics,50.0,9,2829.24,0.1,4.3,22916.84
ORD-10077,2023-03-27 11:38:55.285053929,East,Wholesale,Furniture,64.0,8,1395.52,0.0,3.5,11164.16
ORD-10078,2023-03-28 14:38:38.644067796,West,Online,Furniture,36.0,5,1733.11,0.0,4.8,8665.55
ORD-10079,2023-03-29 17:38:22.003081664,East,Store,Clothing,23.0,7,838.84,0.1,3.9,5284.69
ORD-10080,2023-03-30 20:38:05.362095531,North,Online,Electronics,50.0,1,1987.09,0.1,4.6,1788.38
ORD-10081,2023-03-31 23:37:48.721109399,East,Wholesale,Beauty,33.0,5,1913.27,0.1,3.5,8609.72
ORD-10082,2023-04-02 02:37:32.080123266,South,Store,Electronics,34.0,5,3827.61,0.1,3.0,17224.24
ORD-10083,2023-04-03 05:37:15.439137134,West,Store,Beauty,47.0,4,1873.18,0.1,3.2,6743.45
ORD-10084,2023-04-04 08:36:58.798151001,West,Online,Office Supplies,47.0,3,230.06,0.1,3.5,621.16
ORD-10085,2023-04-05 11:36:42.157164869,North,Store,Furniture,19.0,9,1295.94,0.1,3.2,10497.11
ORD-10086,2023-04-06 14:36:25.516178736,East,Store,Office Supplies,40.0,1,1884.26,0.0,4.7,1884.26
ORD-10087,2023-04-07 17:36:08.875192604,West,Store,Electronics,36.0,11,857.99,0.0,4.8,9437.89
ORD-10088,2023-04-08 20:35:52.234206471,West,Wholesale,Office Supplies,45.0,11,1149.59,0.1,4.1,11380.94
ORD-10089,2023-04-09 23:35:35.593220339,East,Online,Clothing,48.0,7,1525.77,0.0,3.2,10680.39
ORD-10090,2023-04-11 02:35:18.952234206,East,Online,Furniture,18.0,4,2056.36,0.1,3.8,7402.9
ORD-10091,2023-04-12 05:35:02.311248074,North,Store,Beauty,20.0,4,1675.99,0.05,3.5,6368.76
ORD-10092,2023-04-13 08:34:45.670261941,East,Store,Clothing,41.0,6,1133.08,0.05,4.8,6458.56
ORD-10093,2023-04-14 11:34:29.029275809,South,Online,Furniture,58.0,8,2390.76,0.15,4.1,16257.17
ORD-10094,2023-04-15 14:34:12.388289676,North,Store,Furniture,28.0,4,1395.27,0.1,4.2,5022.97
ORD-10095,2023-04-16 17:33:55.747303544,North,Online,Clothing,23.0,5,1425.52,0.05,3.6,6771.22
ORD-10096,2023-04-17 20:33:39.106317412,East,Store,Furniture,36.0,1,765.26,0.05,2.6,727.0
ORD-10097,2023-04-18 23:33:22.465331278,East,Store,Beauty,30.0,10,1210.49,0.15,3.4,10289.16
ORD-10098,2023-04-20 02:33:05.824345146,East,Online,Office Supplies,21.0,10,2288.83,0.1,3.2,20599.47
ORD-10099,2023-04-21 05:32:49.183359014,East,Store,Clothing,62.0,3,586.76,0.05,4.1,1672.27
ORD-10100,2023-04-22 08:32:32.542372880,West,Online,Beauty,49.0,11,1746.62,0.15,4.0,16330.9
ORD-10101,2023-04-23 11:32:15.901386748,East,Wholesale,Beauty,56.0,10,2338.29,0.1,3.4,21044.61
ORD-10102,2023-04-24 14:31:59.260400616,South,Online,Furniture,60.0,3,1517.17,0.2,3.6,3641.21
ORD-10103,2023-04-25 17:31:42.619414484,East,Online,Office Supplies,48.0,2,1979.84,0.1,4.9,3563.71
ORD-10104,2023-04-26 20:31:25.978428350,East,Store,Clothing,35.0,5,962.4,0.15,3.3,4090.2
ORD-10105,2023-04-27 23:31:09.337442218,North,Store,Office Supplies,18.0,8,2782.71,0.1,3.3,20035.51
ORD-10106,2023-04-29 02:30:52.696456086,North,Store,Furniture,23.0,5,2625.79,0.1,3.8,11816.06
ORD-10107,2023-04-30 05:30:36.055469954,East,Online,Clothing,33.0,9,1976.62,0.15,3.4,15121.14
ORD-10108,2023-05-01 08:30:19.414483820,South,Store,Beauty,47.0,2,483.69,0.0,3.6,967.38
ORD-10109,2023-05-02 11:30:02.773497688,East,Store,Office Supplies,49.0,11,1015.53,0.1,4.2,10053.75
ORD-10110,2023-05-03 14:29:46.132511556,South,Wholesale,Furniture,24.0,8,2532.53,0.1,5.0,18234.22
ORD-10111,2023-05-04 17:29:29.491525424,North,Online,Clothing,30.0,3,3084.84,0.0,2.7,9254.52
ORD-10112,2023-05-05 20:29:12.850539290,North,Online,Office Supplies,60.0,9,2022.46,0.15,3.9,15471.82
ORD-10113,2023-05-06 23:28:56.209553158,South,Store,Furniture,32.0,5,2735.49,0.1,3.9,12309.7
ORD-10114,2023-05-08 02:28:39.568567026,West,Store,Beauty,23.0,9,1344.18,0.15,3.8,10282.98
ORD-10115,2023-05-09 05:28:22.927580894,South,Online,Clothing,29.0,8,1657.96,0.05,3.8,12600.5
ORD-10116,2023-05-10 08:28:06.286594760,South,Store,Clothing,35.0,8,1800.86,0.1,3.7,12966.19
ORD-10117,2023-05-11 11:27:49.645608628,East,Online,Beauty,41.0,2,2117.32,0.15,4.6,3599.44
ORD-10118,2023-05-12 14:27:33.004622496,West,Online,Electronics,41.0,1,653.39,0.05,3.6,620.72
ORD-10119,2023-05-13 17:27:16.363636364,South,Wholesale,Beauty,23.0,8,2505.5,0.15,3.8,17037.4
ORD-10120,2023-05-14 20:26:59.722650230,East,Online,Electronics,23.0,3,2791.91,0.05,3.9,7956.94
ORD-10121,2023-05-15 23:26:43.081664098,South,Online,Electronics,27.0,1,938.45,0.05,4.0,891.53
ORD-10122,2023-05-17 02:26:26.440677966,East,Store,Beauty,33.0,6,783.5,0.05,3.8,4465.95
ORD-10123,2023-05-18 05:26:09.799691834,South,Store,Furniture,64.0,11,2062.92,0.0,4.5,22692.12
ORD-10124,2023-05-19 08:25:53.158705700,East,Store,Electronics,31.0,8,1309.27,0.05,3.9,9950.45
ORD-10125,2023-05-20 11:25:36.517719568,East,Store,Clothing,34.0,4,200.0,0.0,4.0,800.0
ORD-10126,2023-05-21 14:25:19.876733436,East,Online,Furniture,52.0,5,2406.44,0.15,3.9,10227.37
ORD-10127,2023-05-22 17:25:03.235747304,West,Store,Office Supplies,34.0,8,1916.7,0.2,3.2,12266.88
ORD-10128,2023-05-23 20:24:46.594761170,North,Store,Beauty,65.0,5,1442.51,0.0,3.4,7212.55
ORD-10129,2023-05-24 23:24:29.953775038,East,Store,Office Supplies,41.0,7,3385.08,0.0,3.2,23695.56
ORD-10130,2023-05-26 02:24:13.312788906,South,Store,Electronics,35.0,10,1904.18,0.0,4.0,19041.8
ORD-10131,2023-05-27 05:23:56.671802772,South,Online,Clothing,55.0,1,1234.93,0.15,3.4,1049.69
ORD-10132,2023-05-28 08:23:40.030816640,North,Store,Electronics,55.0,1,1875.86,0.0,3.2,1875.86
ORD-10133,2023-05-29 11:23:23.389830508,North,Online,Furniture,49.0,10,1019.95,0.1,4.1,9179.55
ORD-10134,2023-05-30 14:23:06.748844376,South,Store,Furniture,24.0,3,1228.72,0.05,4.2,3501.85
ORD-10135,2023-05-31 17:22:50.107858242,West,Online,Beauty,32.0,10,2089.77,0.0,2.8,20897.7
ORD-10136,2023-06-01 20:22:33.466872110,North,Online,Electronics,45.0,4,1384.35,0.0,5.0,5537.4
ORD-10137,2023-06-02 23:22:16.825885978,South,Store,Office Supplies,35.0,10,1461.77,0.1,3.9,13155.93
ORD-10138,2023-06-04 02:22:00.184899846,West,Store,Office Supplies,38.0,11,3051.71,0.0,3.8,33568.81
ORD-10139,2023-06-05 05:21:43.543913712,West,Online,Office Supplies,31.0,11,2444.74,0.15,4.6,22858.32
ORD-10140,2023-06-06 08:21:26.902927580,North,Store,Office Supplies,31.0,3,2402.12,0.1,3.9,6485.72
ORD-10141,2023-06-07 11:21:10.261941448,North,Online,Electronics,41.0,6,2196.61,0.0,3.5,13179.66
ORD-10142,2023-06-08 14:20:53.620955316,East,Store,Furniture,57.0,1,2163.15,0.0,5.0,2163.15
ORD-10143,2023-06-09 17:20:36.979969182,North,Store,Office Supplies,35.0,3,2892.44,0.1,3.2,7809.59
ORD-10144,2023-06-10 20:20:20.338983050,South,Online,Electronics,53.0,5,1785.34,0.1,3.8,8034.03
ORD-10145,2023-06-11 23:20:03.697996918,South,Store,Beauty,65.0,1,3191.64,0.05,4.5,3032.06
ORD-10146,2023-06-13 02:19:47.057010786,West,Online,Beauty,24.0,8,1086.45,0.05,3.2,8257.02
ORD-10147,2023-06-14 05:19:30.416024652,North,Online,Office Supplies,62.0,3,1608.72,0.1,3.8,4343.54
ORD-10148,2023-06-15 08:19:13.775038520,East,Wholesale,Beauty,32.0,2,766.05,0.15,4.2,1302.28
ORD-10149,2023-06-16 11:18:57.134052388,East,Store,Office Supplies,22.0,8,1542.17,0.1,5.0,11103.62
ORD-10150,2023-06-17 14:18:40.493066256,,Store,Office Supplies,57.0,10,2188.83,0.15,3.3,18605.06
ORD-10151,2023-06-18 17:18:23.852080122,West,Store,Office Supplies,18.0,11,2888.44,0.1,3.9,28595.56
ORD-10152,2023-06-19 20:18:07.211093990,West,Store,Electronics,65.0,3,1302.5,0.1,4.3,3516.75
ORD-10153,2023-06-20 23:17:50.570107858,South,Store,Electronics,27.0,9,1803.98,0.1,4.0,14612.24
ORD-10154,2023-06-22 02:17:33.929121726,West,Online,Office Supplies,47.0,8,1530.59,0.1,3.1,11020.25
ORD-10155,2023-06-23 05:17:17.288135592,East,Online,Electronics,29.0,9,1246.05,0.1,4.2,10093.0
ORD-10156,2023-06-24 08:17:00.647149460,West,Online,Clothing,59.0,2,907.97,0.1,4.0,1634.35
ORD-10157,2023-06-25 11:16:44.006163328,West,Online,Furniture,51.0,6,1845.5,0.0,4.2,11073.0
ORD-10158,2023-06-26 14:16:27.365177196,East,Online,Office Supplies,65.0,10,500.95,0.05,4.6,4759.02
ORD-10159,2023-06-27 17:16:10.724191062,South,Wholesale,Beauty,55.0,7,1882.91,0.15,4.6,11203.31
ORD-10160,2023-06-28 20:15:54.083204930,North,Online,Beauty,53.0,3,1815.71,0.05,4.2,5174.77
ORD-10161,2023-06-29 23:15:37.442218798,East,Online,Office Supplies,63.0,1,1306.69,0.15,4.1,1110.69
ORD-10162,2023-07-01 02:15:20.801232664,North,Online,Furniture,48.0,9,1041.82,0.15,3.2,7969.92
ORD-10163,2023-07-02 05:15:04.160246532,West,Store,Beauty,28.0,1,761.77,0.1,3.8,685.59
ORD-10164,2023-07-03 08:14:47.519260400,West,Wholesale,Office Supplies,28.0,10,3203.5,0.0,4.0,32035.0
ORD-10165,2023-07-04 11:14:30.878274268,North,Wholesale,Clothing,49.0,8,793.52,0.15,3.6,5395.94
ORD-10166,2023-07-05 14:14:14.237288134,East,Online,Electronics,35.0,3,2968.28,0.1,4.0,8014.36
ORD-10167,2023-07-06 17:13:57.596302002,North,Online,Clothing,54.0,3,2250.12,0.05,3.4,6412.84
ORD-10168,2023-07-07 20:13:40.955315870,North,Wholesale,Office Supplies,47.0,2,1526.98,0.15,4.9,2595.87
ORD-10169,2023-07-08 23:13:24.314329738,South,Online,Furniture,19.0,4,932.19,0.1,5.0,3355.88
ORD-10170,2023-07-10 02:13:07.673343604,West,Store,Clothing,62.0,7,2581.87,0.0,3.6,18073.09
ORD-10171,2023-07-11 05:12:51.032357472,West,Online,Office Supplies,64.0,4,3097.24,0.0,4.2,12388.96
ORD-10172,2023-07-12 08:12:34.391371340,East,Wholesale,Clothing,32.0,6,1099.48,0.0,3.7,6596.88
ORD-10173,2023-07-13 11:12:17.750385208,East,Online,Beauty,31.0,7,1575.94,0.1,4.7,9928.42
ORD-10174,2023-07-14 14:12:01.109399074,East,Online,Furniture,36.0,6,2588.72,0.15,4.2,13202.47
ORD-10175,2023-07-15 17:11:44.468412942,North,Online,Beauty,56.0,3,2051.84,0.0,4.0,6155.52
ORD-10176,2023-07-16 20:11:27.827426810,South,Online,Beauty,19.0,9,3299.97,0.0,3.8,29699.73
ORD-10177,2023-07-17 23:11:11.186440678,West,Store,Office Supplies,26.0,8,1372.39,0.1,4.0,9881.21
ORD-10178,2023-07-19 02:10:54.545454544,South,Store,Clothing,51.0,6,2206.72,0.05,3.2,12578.3
ORD-10179,2023-07-20 05:10:37.904468412,North,Online,Clothing,38.0,2,861.8,0.05,4.3,1637.42
ORD-10180,2023-07-21 08:10:21.263482280,North,Store,Office Supplies,39.0,6,3371.92,0.15,3.4,17196.79
ORD-10181,2023-07-22 11:10:04.622496148,East,Online,Beauty,62.0,4,1252.24,0.15,4.2,4257.62
ORD-10182,2023-07-23 14:09:47.981510014,North,Online,Office Supplies,56.0,6,200.0,0.2,4.0,960.0
ORD-10183,2023-07-24 17:09:31.340523882,West,Store,Beauty,23.0,2,1705.68,0.15,,2899.66
ORD-10184,2023-07-25 20:09:14.699537750,West,Online,Clothing,29.0,6,1695.43,0.0,3.9,10172.58
ORD-10185,2023-07-26 23:08:58.058551618,East,Online,Office Supplies,30.0,1,3236.68,0.0,4.6,3236.68
ORD-10186,2023-07-28 02:08:41.417565484,South,Store,Electronics,49.0,5,1545.89,0.1,3.3,6956.51
ORD-10187,2023-07-29 05:08:24.776579352,West,Store,Beauty,38.0,8,1790.52,0.2,4.3,11459.33
ORD-10188,2023-07-30 08:08:08.135593220,East,Online,Clothing,50.0,2,2245.08,0.0,3.8,4490.16
ORD-10189,2023-07-31 11:07:51.494607088,South,Store,Office Supplies,28.0,2,2989.7,0.1,4.0,5381.46
ORD-10190,2023-08-01 14:07:34.853620956,South,Store,Clothing,40.0,4,1752.58,0.05,3.9,6659.8
ORD-10191,2023-08-02 17:07:18.212634824,South,Online,Beauty,35.0,10,2579.61,0.05,4.5,24506.3
ORD-10192,2023-08-03 20:07:01.571648688,West,Online,Office Supplies,27.0,3,2188.56,0.05,2.6,6237.4
ORD-10193,2023-08-04 23:06:44.930662556,North,Store,Furniture,27.0,11,1577.82,0.05,4.1,16488.22
ORD-10194,2023-08-06 02:06:28.289676424,North,Online,Beauty,37.0,3,1858.17,0.0,2.9,5574.51
ORD-10195,2023-08-07 05:06:11.648690292,East,Store,Clothing,50.0,1,1821.51,0.0,4.7,1821.51
ORD-10196,2023-08-08 08:05:55.007704160,South,Online,Office Supplies,53.0,9,1112.98,0.1,2.6,9015.14
ORD-10197,2023-08-09 11:05:38.366718028,West,Store,Electronics,55.0,2,2710.26,0.05,3.2,5149.49
ORD-10198,2023-08-10 14:05:21.725731896,North,Online,Office Supplies,27.0,2,760.78,0.1,2.8,1369.4
ORD-10199,2023-08-11 17:05:05.084745760,West,Online,Beauty,45.0,6,2678.38,0.1,5.0,14463.25
ORD-10200,2023-08-12 20:04:48.443759628,North,Store,Furniture,22.0,3,2515.81,0.2,3.1,6037.94
ORD-10201,2023-08-13 23:04:31.802773496,South,Store,Beauty,24.0,7,1730.21,0.05,4.0,11505.9
ORD-10202,2023-08-15 02:04:15.161787364,West,Online,Beauty,40.0,6,1225.92,0.15,3.6,6252.19
ORD-10203,2023-08-16 05:03:58.520801232,North,Wholesale,Beauty,51.0,8,1630.18,0.05,2.7,12389.37
ORD-10204,2023-08-17 08:03:41.879815100,East,Online,Furniture,29.0,4,2154.58,0.1,3.7,7756.49
ORD-10205,2023-08-18 11:03:25.238828968,East,Online,Clothing,26.0,4,2357.29,0.15,4.3,8014.79
ORD-10206,2023-08-19 14:03:08.597842836,South,Online,Clothing,56.0,3,2015.19,0.05,3.8,5743.29
ORD-10207,2023-08-20 17:02:51.956856700,North,Online,Beauty,46.0,9,2544.1,0.05,4.5,21752.05
ORD-10208,2023-08-21 20:02:35.315870568,East,Online,Office Supplies,57.0,5,1381.92,0.1,3.7,6218.64
ORD-10209,2023-08-22 23:02:18.674884436,South,Store,Clothing,22.0,10,1975.93,0.0,3.9,19759.3
ORD-10210,2023-08-24 02:02:02.033898304,West,Store,Beauty,63.0,6,623.74,0.1,3.6,3368.2
ORD-10211,2023-08-25 05:01:45.392912172,East,Online,Beauty,56.0,9,2372.72,0.0,4.1,21354.48
ORD-10212,2023-08-26 08:01:28.751926040,South,Online,Beauty,58.0,8,1914.88,0.0,5.0,15319.04
ORD-10213,2023-08-27 11:01:12.110939908,North,Online,Electronics,22.0,8,1488.32,0.1,4.1,10715.9
ORD-10214,2023-08-28 14:00:55.469953776,East,Store,Electronics,49.0,11,2671.16,0.2,4.0,23506.21
ORD-10215,2023-08-29 17:00:38.828967640,South,Online,Electronics,43.0,5,2318.64,0.2,3.5,9274.56
ORD-10216,2023-08-30 20:00:22.187981508,East,Wholesale,Beauty,26.0,10,200.0,0.05,3.4,1900.0
ORD-10217,2023-08-31 23:00:05.546995376,West,Store,Office Supplies,61.0,10,1829.91,0.0,4.9,18299.1
ORD-10218,2023-09-02 01:59:48.906009244,South,Store,Clothing,57.0,5,708.73,0.1,3.2,3189.29
ORD-10219,2023-09-03 04:59:32.265023112,West,Store,Office Supplies,57.0,8,2599.99,0.05,3.3,19759.92
ORD-10220,2023-09-04 07:59:15.624036980,East,Store,Electronics,52.0,5,3666.81,0.05,3.8,17417.35
ORD-10221,2023-09-05 10:58:58.983050848,East,Online,Beauty,26.0,8,1411.1,0.15,3.6,9595.48
ORD-10222,2023-09-06 13:58:42.342064716,West,Online,Office Supplies,53.0,5,1855.93,0.1,5.0,8351.68
ORD-10223,2023-09-07 16:58:25.701078580,West,Online,Furniture,40.0,6,1611.72,0.1,2.4,8703.29
ORD-10224,2023-09-08 19:58:09.060092448,West,Online,Electronics,51.0,3,2063.11,0.1,4.1,5570.4
ORD-10225,2023-09-09 22:57:52.419106316,West,Online,Electronics,46.0,7,2283.41,0.1,4.4,14385.48
ORD-10226,2023-09-11 01:57:35.778120184,North,Online,Office Supplies,57.0,11,2765.4,0.1,3.2,27377.46
ORD-10227,2023-09-12 04:57:19.137134052,South,Store,Clothing,42.0,4,1059.43,0.15,3.5,3602.06
ORD-10228,2023-09-13 07:57:02.496147920,West,Online,Electronics,32.0,1,2978.73,0.15,4.2,2531.92
ORD-10229,2023-09-14 10:56:45.855161788,South,Online,Office Supplies,49.0,8,1101.36,0.2,5.0,7048.7
ORD-10230,2023-09-15 13:56:29.214175652,North,Online,Furniture,50.0,3,2007.82,0.15,3.3,5119.94
ORD-10231,2023-09-16 16:56:12.573189520,East,Online,Clothing,31.0,8,2668.93,0.0,2.9,21351.44
ORD-10232,2023-09-17 19:55:55.932203388,West,Wholesale,Furniture,42.0,8,2334.9,0.1,4.5,16811.28
ORD-10233,2023-09-18 22:55:39.291217256,East,Online,Beauty,49.0,11,1096.07,0.15,4.9,10248.25
ORD-10234,2023-09-20 01:55:22.650231124,West,Online,Clothing,34.0,7,1273.56,0.05,3.7,8469.17
ORD-10235,2023-09-21 04:55:06.009244992,East,Online,Electronics,26.0,2,1453.25,0.1,2.5,2615.85
ORD-10236,2023-09-22 07:54:49.368258860,North,Online,Beauty,33.0,4,1761.62,0.0,4.8,7046.48
ORD-10237,2023-09-23 10:54:32.727272728,West,Online,Clothing,58.0,3,2660.21,0.0,3.8,7980.63
ORD-10238,2023-09-24 13:54:16.086286592,South,Online,Beauty,25.0,11,831.14,0.05,4.6,8685.41
ORD-10239,2023-09-25 16:53:59.445300460,West,Online,Beauty,36.0,10,2150.03,0.0,3.9,21500.3
ORD-10240,2023-09-26 19:53:42.804314328,West,Online,Furniture,41.0,5,2257.48,0.05,3.7,10723.03
ORD-10241,2023-09-27 22:53:26.163328196,West,Store,Clothing,56.0,10,2218.72,0.0,3.6,22187.2
ORD-10242,2023-09-29 01:53:09.522342064,North,Online,Office Supplies,35.0,7,2149.73,0.15,4.9,12790.89
ORD-10243,2023-09-30 04:52:52.881355932,West,Store,Office Supplies,65.0,4,2938.74,0.05,4.8,11167.21
ORD-10244,2023-10-01 07:52:36.240369800,East,Online,Electronics,38.0,2,2165.86,0.05,2.5,4115.13
ORD-10245,2023-10-02 10:52:19.599383668,South,Online,Beauty,40.0,11,2442.72,0.15,3.3,22839.43
ORD-10246,2023-10-03 13:52:02.958397532,West,Store,Furniture,58.0,10,2222.66,0.1,5.0,20003.94
ORD-10247,2023-10-04 16:51:46.317411400,West,Online,Electronics,39.0,9,3144.83,0.0,3.7,28303.47
ORD-10248,2023-10-05 19:51:29.676425268,East,Wholesale,Beauty,50.0,2,375.15,0.0,3.0,750.3
ORD-10249,2023-10-06 22:51:13.035439136,North,Wholesale,Office Supplies,34.0,7,2761.58,0.1,3.9,17397.95
ORD-10250,2023-10-08 01:50:56.394453004,East,Store,Electronics,50.0,5,1604.23,0.0,3.8,8021.15
ORD-10251,2023-10-09 04:50:39.753466872,North,Online,Office Supplies,46.0,8,1589.46,0.0,3.8,12715.68
ORD-10252,2023-10-10 07:50:23.112480740,North,Store,Beauty,65.0,10,1072.89,0.1,3.6,9656.01
ORD-10253,2023-10-11 10:50:06.471494608,North,Store,Clothing,37.0,6,398.48,0.1,3.7,2151.79
ORD-10254,2023-10-12 13:49:49.830508472,North,Store,Clothing,28.0,11,1513.58,0.05,3.6,15816.91
ORD-10255,2023-10-13 16:49:33.189522340,West,Online,Furniture,24.0,3,1284.53,0.1,4.1,3468.23
ORD-10256,2023-10-14 19:49:16.548536208,South,Wholesale,Furniture,42.0,10,2170.63,0.1,3.4,19535.67
ORD-10257,2023-10-15 22:48:59.907550076,North,Wholesale,Furniture,42.0,10,695.8,0.0,3.7,6958.0
ORD-10258,2023-10-17 01:48:43.266563944,North,Online,Clothing,22.0,10,2873.71,0.05,3.8,27300.24
ORD-10259,2023-10-18 04:48:26.625577812,South,Online,Beauty,18.0,11,2003.95,0.05,4.7,20941.28
ORD-10260,2023-10-19 07:48:09.984591680,South,Online,Furniture,36.0,3,1614.07,0.15,4.1,4115.88
ORD-10261,2023-10-20 10:47:53.343605544,South,Store,Furniture,19.0,3,1267.93,0.0,3.8,3803.79
ORD-10262,2023-10-21 13:47:36.702619412,West,Wholesale,Beauty,63.0,1,1209.59,0.05,4.2,1149.11
ORD-10263,2023-10-22 16:47:20.061633280,West,Wholesale,Beauty,55.0,9,952.43,0.0,4.2,8571.87
ORD-10264,2023-10-23 19:47:03.420647148,East,Store,Electronics,22.0,5,1391.73,0.1,4.6,6262.78
ORD-10265,2023-10-24 22:46:46.779661016,West,Store,Furniture,55.0,4,1804.54,0.15,4.2,6135.44
ORD-10266,2023-10-26 01:46:30.138674884,South,Store,Electronics,54.0,1,1666.98,0.0,5.0,1666.98
ORD-10267,2023-10-27 04:46:13.497688752,North,Store,Furniture,52.0,3,739.13,0.15,4.8,1884.78
ORD-10268,2023-10-28 07:45:56.856702620,South,Wholesale,Clothing,59.0,11,1600.63,0.1,3.9,15846.24
ORD-10269,2023-10-29 10:45:40.215716484,North,Store,Office Supplies,51.0,1,1130.11,0.0,3.6,1130.11
ORD-10270,2023-10-30 13:45:23.574730352,West,Online,Office Supplies,42.0,1,1919.91,0.15,4.5,1631.92
ORD-10271,2023-10-31 16:45:06.933744220,North,Store,Furniture,52.0,3,3198.49,0.05,4.2,9115.7
ORD-10272,2023-11-01 19:44:50.292758088,South,Online,Electronics,56.0,4,2268.77,0.15,3.8,7713.82
ORD-10273,2023-11-02 22:44:33.651771956,North,Store,Clothing,46.0,3,1565.16,0.0,2.9,4695.48
ORD-10274,2023-11-04 01:44:17.010785824,West,Store,Office Supplies,39.0,3,581.34,0.1,2.7,1569.62
ORD-10275,2023-11-05 04:44:00.369799692,North,Online,Electronics,45.0,6,738.96,0.1,4.1,3990.38
ORD-10276,2023-11-06 07:43:43.728813560,East,Wholesale,Furniture,34.0,1,534.96,0.15,4.4,454.72
ORD-10277,2023-11-07 10:43:27.087827424,West,Store,Clothing,37.0,11,2344.48,0.15,4.4,21920.89
ORD-10278,2023-11-08 13:43:10.446841292,East,Online,Office Supplies,42.0,6,1226.2,0.1,3.1,6621.48
ORD-10279,2023-11-09 16:42:53.805855160,West,Online,Clothing,53.0,5,1846.95,0.0,4.6,9234.75
ORD-10280,2023-11-10 19:42:37.164869028,West,Online,Clothing,27.0,1,1333.49,0.05,3.6,1266.82
ORD-10281,2023-11-11 22:42:20.523882896,West,Online,Electronics,38.0,3,1868.4,0.05,4.2,5324.94
ORD-10282,2023-11-13 01:42:03.882896764,East,Online,Beauty,32.0,10,2851.26,0.2,4.2,22810.08
ORD-10283,2023-11-14 04:41:47.241910632,East,Online,Office Supplies,25.0,4,1286.29,0.1,3.4,4630.64
ORD-10284,2023-11-15 07:41:30.600924500,East,Wholesale,Electronics,32.0,8,1544.28,0.05,3.5,11736.53
ORD-10285,2023-11-16 10:41:13.959938364,West,Online,Beauty,32.0,2,1195.24,0.05,2.6,2270.96
ORD-10286,2023-11-17 13:40:57.318952232,South,Wholesale,Office Supplies,65.0,5,2455.93,0.15,3.3,10437.7
ORD-10287,2023-11-18 16:40:40.677966100,West,Store,Furniture,36.0,4,1030.71,0.0,2.7,4122.84
ORD-10288,2023-11-19 19:40:24.036979968,West,Wholesale,Beauty,34.0,10,950.26,0.15,4.2,8077.21
ORD-10289,2023-11-20 22:40:07.395993836,South,Online,Electronics,36.0,5,759.25,0.1,3.9,3416.62
ORD-10290,2023-11-22 01:39:50.755007704,South,Online,Office Supplies,28.0,9,743.64,0.05,4.5,6358.12
ORD-10291,2023-11-23 04:39:34.114021572,East,Store,Electronics,61.0,11,2153.17,0.1,4.1,21316.38
ORD-10292,2023-11-24 07:39:17.473035436,West,Online,Clothing,63.0,4,3726.84,0.05,3.5,14161.99
ORD-10293,2023-11-25 10:39:00.832049304,North,Online,Clothing,36.0,3,1053.47,0.0,4.1,3160.41
ORD-10294,2023-11-26 13:38:44.191063172,North,Store,Electronics,24.0,10,2513.66,0.05,3.6,23879.77
ORD-10295,2023-11-27 16:38:27.550077040,North,Store,Furniture,18.0,11,1988.33,0.0,4.3,21871.63
ORD-10296,2023-11-28 19:38:10.909090908,South,Online,Beauty,64.0,11,973.48,0.0,4.1,10708.28
ORD-10297,2023-11-29 22:37:54.268104776,North,Online,Furniture,57.0,2,1592.48,0.05,3.3,3025.71
ORD-10298,2023-12-01 01:37:37.627118644,East,Wholesale,Office Supplies,58.0,7,1625.31,0.15,3.9,9670.59
ORD-10299,2023-12-02 04:37:20.986132512,East,Online,Office Supplies,46.0,2,1281.97,0.0,3.9,2563.94
ORD-10300,2023-12-03 07:37:04.345146376,West,Store,Beauty,49.0,4,3247.96,0.1,3.7,11692.66
ORD-10301,2023-12-04 10:36:47.704160244,East,Online,Clothing,54.0,5,370.41,0.2,4.5,1481.64
ORD-10302,2023-12-05 13:36:31.063174112,South,Store,Clothing,38.0,10,2085.78,0.15,5.0,17729.13
ORD-10303,2023-12-06 16:36:14.422187980,West,Online,Electronics,57.0,9,2048.64,0.15,3.7,15672.1
ORD-10304,2023-12-07 19:35:57.781201848,West,Store,Beauty,27.0,11,1365.29,0.1,3.7,13516.37
ORD-10305,2023-12-08 22:35:41.140215716,East,Online,Office Supplies,39.0,10,1912.13,0.1,2.4,17209.17
ORD-10306,2023-12-10 01:35:24.499229584,East,Store,Electronics,23.0,4,2458.2,0.1,3.8,8849.52
ORD-10307,2023-12-11 04:35:07.858243452,South,Store,Electronics,55.0,10,1914.55,0.1,3.6,17230.95
ORD-10308,2023-12-12 07:34:51.217257316,East,Online,Clothing,22.0,1,2112.99,0.1,2.5,1901.69
ORD-10309,2023-12-13 10:34:34.576271184,North,Online,Beauty,42.0,3,2319.68,0.05,4.1,6611.09
ORD-10310,2023-12-14 13:34:17.935285052,East,Store,Electronics,34.0,10,275.96,0.0,4.3,2759.6
ORD-10311,2023-12-15 16:34:01.294298920,West,Store,Furniture,65.0,1,2908.78,0.0,3.4,2908.78
ORD-10312,2023-12-16 19:33:44.653312788,West,Online,Furniture,37.0,8,3508.73,0.05,3.7,26666.35
ORD-10313,2023-12-17 22:33:28.012326656,South,Store,Beauty,24.0,10,2535.6,0.15,3.3,21552.6
ORD-10314,2023-12-19 01:33:11.371340524,South,Online,Furniture,62.0,3,2560.25,0.1,4.4,6912.68
ORD-10315,2023-12-20 04:32:54.730354392,East,Wholesale,Clothing,,8,743.81,0.0,2.9,5950.48
ORD-10316,2023-12-21 07:32:38.089368256,South,Online,Office Supplies,43.0,7,1711.18,0.15,3.7,10181.52
ORD-10317,2023-12-22 10:32:21.448382124,East,Store,Office Supplies,48.0,8,1190.97,0.0,5.0,9527.76
ORD-10318,2023-12-23 13:32:04.807395992,North,Store,Clothing,65.0,4,1359.6,0.15,3.9,4622.64
ORD-10319,2023-12-24 16:31:48.166409860,North,Store,Furniture,19.0,2,2525.28,0.1,4.2,4545.5
ORD-10320,2023-12-25 19:31:31.525423728,North,Online,Beauty,52.0,11,1197.07,0.1,3.8,11850.99
ORD-10321,2023-12-26 22:31:14.884437596,South,Store,Beauty,39.0,2,1702.42,0.05,3.1,3234.6
ORD-10322,2023-12-28 01:30:58.243451464,North,Store,Electronics,25.0,4,368.56,0.15,3.9,1253.1
ORD-10323,2023-12-29 04:30:41.602465328,South,Online,Office Supplies,61.0,1,1681.18,0.0,4.2,1681.18
ORD-10324,2023-12-30 07:30:24.961479196,West,Online,Electronics,44.0,3,1867.51,0.0,3.2,5602.53
ORD-10325,2023-12-31 10:30:08.320493064,West,Wholesale,Office Supplies,61.0,8,1271.41,0.1,4.1,9154.15
ORD-10326,2024-01-01 13:29:51.679506932,West,Store,Furniture,25.0,1,1260.08,0.05,,1197.08
ORD-10327,2024-01-02 16:29:35.038520800,East,Online,Beauty,50.0,3,3214.82,0.05,4.6,9162.24
ORD-10328,2024-01-03 19:29:18.397534668,North,Store,Beauty,19.0,4,892.69,0.1,2.9,3213.68
ORD-10329,2024-01-04 22:29:01.756548536,East,Online,Furniture,65.0,4,1012.04,0.0,3.3,4048.16
ORD-10330,2024-01-06 01:28:45.115562404,East,Online,Office Supplies,63.0,11,1193.24,0.2,2.9,10500.51
ORD-10331,2024-01-07 04:28:28.474576268,West,Wholesale,Furniture,60.0,3,2699.11,0.1,4.6,7287.6
ORD-10332,2024-01-08 07:28:11.833590136,South,Online,Office Supplies,34.0,3,3376.16,0.0,4.3,10128.48
ORD-10333,2024-01-09 10:27:55.192604004,North,Online,Beauty,51.0,9,2049.13,0.1,4.4,16597.95
ORD-10334,2024-01-10 13:27:38.551617872,East,Online,Clothing,27.0,6,1262.01,0.1,3.3,6814.85
ORD-10335,2024-01-11 16:27:21.910631740,South,Online,Electronics,58.0,6,1479.2,0.1,3.1,7987.68
ORD-10336,2024-01-12 19:27:05.269645608,East,Online,Clothing,22.0,11,2598.61,0.1,3.9,25726.24
ORD-10337,2024-01-13 22:26:48.628659476,South,Online,Clothing,53.0,3,1116.7,0.2,4.0,2680.08
ORD-10338,2024-01-15 01:26:31.987673344,South,Online,Furniture,49.0,1,2889.71,0.0,3.3,2889.71
ORD-10339,2024-01-16 04:26:15.346687208,North,Online,Clothing,32.0,10,2862.43,0.2,4.0,22899.44
ORD-10340,2024-01-17 07:25:58.705701076,West,Online,Electronics,40.0,4,1852.66,0.1,4.3,6669.58
ORD-10341,2024-01-18 10:25:42.064714944,West,Online,Electronics,40.0,4,2284.6,0.0,4.0,9138.4
ORD-10342,2024-01-19 13:25:25.423728812,South,Store,Office Supplies,18.0,10,2362.31,0.05,3.2,22441.94
ORD-10343,2024-01-20 16:25:08.782742680,North,Wholesale,Office Supplies,20.0,7,2965.66,0.05,2.5,19721.64
ORD-10344,2024-01-21 19:24:52.141756548,East,Online,Beauty,52.0,2,1011.41,0.15,3.7,1719.4
ORD-10345,2024-01-22 22:24:35.500770416,South,Store,Beauty,50.0,10,2685.9,0.1,4.0,24173.1
ORD-10346,2024-01-24 01:24:18.859784284,East,Store,Office Supplies,30.0,11,1518.58,0.0,3.7,16704.38
ORD-10347,2024-01-25 04:24:02.218798148,North,Online,Office Supplies,39.0,1,1224.18,0.1,3.6,1101.76
ORD-10348,2024-01-26 07:23:45.577812016,North,Online,Electronics,55.0,10,1877.0,0.1,3.5,16893.0
ORD-10349,2024-01-27 10:23:28.936825884,East,Wholesale,Electronics,50.0,2,1639.24,0.15,,2786.71
ORD-10350,2024-01-28 13:23:12.295839752,North,Online,Office Supplies,41.0,2,1059.38,0.0,3.9,2118.76
ORD-10351,2024-01-29 16:22:55.654853620,East,Store,Office Supplies,59.0,9,602.0,0.15,4.0,4605.3
ORD-10352,2024-01-30 19:22:39.013867488,South,Online,Furniture,43.0,7,1093.43,0.15,3.3,6505.91
ORD-10353,2024-01-31 22:22:22.372881356,North,Store,Office Supplies,18.0,5,2889.27,0.0,3.5,14446.35
ORD-10354,2024-02-02 01:22:05.731895220,West,Wholesale,Office Supplies,39.0,7,3271.93,0.1,4.0,20613.16
ORD-10355,2024-02-03 04:21:49.090909088,East,Wholesale,Furniture,29.0,3,2287.59,0.0,3.2,6862.77
ORD-10356,2024-02-04 07:21:32.449922956,West,Online,Office Supplies,50.0,8,2689.44,0.1,3.1,19363.97
ORD-10357,2024-02-05 10:21:15.808936824,West,Store,Electronics,23.0,4,1412.38,0.0,3.7,5649.52
ORD-10358,2024-02-06 13:20:59.167950692,East,Online,Beauty,65.0,4,1742.14,0.15,4.7,5923.28
ORD-10359,2024-02-07 16:20:42.526964560,West,Store,Office Supplies,47.0,7,2012.07,0.0,4.0,14084.49
ORD-10360,2024-02-08 19:20:25.885978428,North,Online,Furniture,56.0,5,989.03,0.1,4.8,4450.64
ORD-10361,2024-02-09 22:20:09.244992296,West,Online,Office Supplies,40.0,1,1057.54,0.1,3.8,951.79
ORD-10362,2024-02-11 01:19:52.604006160,West,Store,Office Supplies,21.0,3,1872.88,0.05,3.7,5337.71
ORD-10363,2024-02-12 04:19:35.963020028,East,Online,Furniture,38.0,11,1559.77,0.0,3.0,17157.47
ORD-10364,2024-02-13 07:19:19.322033896,West,Online,Clothing,41.0,4,1002.33,0.15,3.5,3407.92
ORD-10365,2024-02-14 10:19:02.681047764,East,Wholesale,Beauty,38.0,5,2089.9,0.0,4.8,10449.5
ORD-10366,2024-02-15 13:18:46.040061632,West,Online,Beauty,29.0,2,1602.54,0.05,4.1,3044.83
ORD-10367,2024-02-16 16:18:29.399075500,West,Online,Electronics,27.0,1,2566.02,0.05,4.4,2437.72
ORD-10368,2024-02-17 19:18:12.758089368,East,Online,Clothing,22.0,10,1796.11,0.1,4.4,16164.99
ORD-10369,2024-02-18 22:17:56.117103236,West,Online,Clothing,41.0,7,1574.77,0.05,3.9,10472.22
ORD-10370,2024-02-20 01:17:39.476117100,West,Online,Office Supplies,27.0,10,1895.75,0.0,3.8,18957.5
ORD-10371,2024-02-21 04:17:22.835130968,South,Store,Clothing,48.0,10,1671.01,0.1,4.0,15039.09
ORD-10372,2024-02-22 07:17:06.194144840,North,Wholesale,Beauty,29.0,4,1298.97,0.1,4.3,4676.29
ORD-10373,2024-02-23 10:16:49.553158704,North,Store,Electronics,38.0,6,1498.53,0.1,4.2,8092.06
ORD-10374,2024-02-24 13:16:32.912172568,North,Store,Office Supplies,64.0,8,2362.06,0.1,4.2,17006.83
ORD-10375,2024-02-25 16:16:16.271186440,South,Online,Electronics,43.0,9,2284.89,0.05,4.0,19535.81
ORD-10376,2024-02-26 19:15:59.630200304,North,Store,Beauty,53.0,6,2764.67,0.0,3.4,16588.02
ORD-10377,2024-02-27 22:15:42.989214176,South,Store,Office Supplies,50.0,1,530.25,0.1,3.7,477.22
ORD-10378,2024-02-29 01:15:26.348228040,South,Store,Furniture,58.0,4,1505.18,0.1,3.3,5418.65
ORD-10379,2024-03-01 04:15:09.707241912,East,Store,Electronics,20.0,4,1489.07,0.05,4.6,5658.47
ORD-10380,2024-03-02 07:14:53.066255776,North,Store,Electronics,51.0,4,1928.83,0.2,2.5,6172.26
ORD-10381,2024-03-03 10:14:36.425269648,West,Online,Furniture,29.0,7,1460.88,0.0,3.8,10226.16
ORD-10382,2024-03-04 13:14:19.784283512,North,Store,Beauty,33.0,11,1415.11,0.15,5.0,13231.28
ORD-10383,2024-03-05 16:14:03.143297376,West,Online,Beauty,61.0,2,2387.23,0.1,3.7,4297.01
ORD-10384,2024-03-06 19:13:46.502311248,East,Online,Furniture,36.0,4,1933.57,0.15,3.2,6574.14
ORD-10385,2024-03-07 22:13:29.861325112,North,Store,Furniture,42.0,3,925.23,0.15,3.9,2359.34
ORD-10386,2024-03-09 01:13:13.220338984,North,Store,Beauty,39.0,7,2800.88,0.0,4.7,19606.16
ORD-10387,2024-03-10 04:12:56.579352848,South,Online,Electronics,23.0,9,2547.56,0.15,3.8,19488.83
ORD-10388,2024-03-11 07:12:39.938366720,,Store,Clothing,32.0,11,1369.53,0.05,4.3,14311.59
ORD-10389,2024-03-12 10:12:23.297380584,North,Store,Office Supplies,25.0,6,2423.46,0.1,,13086.68
ORD-10390,2024-03-13 13:12:06.656394448,North,Online,Office Supplies,38.0,4,1248.63,0.2,3.7,3995.62
ORD-10391,2024-03-14 16:11:50.015408320,North,Online,Beauty,18.0,3,2644.27,0.1,5.0,7139.53
ORD-10392,2024-03-15 19:11:33.374422184,East,Online,Electronics,55.0,9,1636.63,0.1,3.9,13256.7
ORD-10393,2024-03-16 22:11:16.733436056,North,Store,Furniture,43.0,1,1197.87,0.0,3.6,1197.87
ORD-10394,2024-03-18 01:11:00.092449920,North,Store,Clothing,21.0,2,1520.17,0.1,3.6,2736.31
ORD-10395,2024-03-19 04:10:43.451463792,South,Store,Furniture,65.0,1,1225.63,0.0,4.1,1225.63
ORD-10396,2024-03-20 07:10:26.810477656,South,Online,Electronics,31.0,9,1944.1,0.05,4.2,16622.05
ORD-10397,2024-03-21 10:10:10.169491520,East,Store,Office Supplies,34.0,10,1931.33,0.05,4.4,18347.63
ORD-10398,2024-03-22 13:09:53.528505392,West,Wholesale,Beauty,40.0,9,1826.85,0.2,4.0,13153.32
ORD-10399,2024-03-23 16:09:36.887519256,West,Online,Clothing,43.0,4,1382.54,0.1,3.0,4977.14
ORD-10400,2024-03-24 19:09:20.246533128,East,Online,Beauty,50.0,10,200.0,0.1,4.2,1800.0
ORD-10401,2024-03-25 22:09:03.605546992,East,Online,Furniture,43.0,1,1869.63,0.0,3.7,1869.63
ORD-10402,2024-03-27 01:08:46.964560864,West,Store,Furniture,49.0,11,377.82,0.05,3.7,3948.22
ORD-10403,2024-03-28 04:08:30.323574728,South,Wholesale,Electronics,32.0,7,1983.14,0.15,2.9,11799.68
ORD-10404,2024-03-29 07:08:13.682588600,East,Online,Electronics,52.0,8,2648.1,0.0,3.5,21184.8
ORD-10405,2024-03-30 10:07:57.041602464,North,Online,Furniture,58.0,2,2005.41,0.2,3.4,3208.66
ORD-10406,2024-03-31 13:07:40.400616328,East,Online,Beauty,23.0,11,1507.92,0.05,3.9,15757.76
ORD-10407,2024-04-01 16:07:23.759630200,North,Online,Clothing,23.0,5,1665.09,0.05,3.0,7909.18
ORD-10408,2024-04-02 19:07:07.118644064,North,Wholesale,Office Supplies,26.0,4,1700.2,0.1,3.9,6120.72
ORD-10409,2024-04-03 22:06:50.477657936,West,Online,Office Supplies,33.0,10,1388.07,0.05,4.0,13186.66
ORD-10410,2024-04-05 01:06:33.836671800,East,Online,Electronics,32.0,6,1362.16,0.1,3.2,7355.66
ORD-10411,2024-04-06 04:06:17.195685672,South,Online,Office Supplies,55.0,2,1107.08,0.05,3.5,2103.45
ORD-10412,2024-04-07 07:06:00.554699536,North,Store,Office Supplies,31.0,3,2691.12,0.1,3.3,7266.02
ORD-10413,2024-04-08 10:05:43.913713400,North,Store,Clothing,60.0,4,1788.34,0.05,4.5,6795.69
ORD-10414,2024-04-09 13:05:27.272727272,West,Online,Furniture,54.0,1,2517.2,0.0,2.3,2517.2
ORD-10415,2024-04-10 16:05:10.631741136,South,Online,Beauty,63.0,6,1612.46,0.05,3.7,9191.02
ORD-10416,2024-04-11 19:04:53.990755008,West,Online,Office Supplies,65.0,5,1854.13,0.0,2.8,9270.65
ORD-10417,2024-04-12 22:04:37.349768872,West,Wholesale,Electronics,21.0,8,1672.21,0.05,3.6,12708.8
ORD-10418,2024-04-14 01:04:20.708782744,West,Store,Clothing,,8,2147.13,0.1,4.5,15459.34
ORD-10419,2024-04-15 04:04:04.067796608,North,Online,Clothing,59.0,2,2419.98,0.15,3.5,4113.97
ORD-10420,2024-04-16 07:03:47.426810472,North,Store,Beauty,19.0,9,1979.78,0.0,4.0,17818.02
ORD-10421,2024-04-17 10:03:30.785824344,East,Online,Office Supplies,25.0,10,1294.64,0.05,3.4,12299.08
ORD-10422,2024-04-18 13:03:14.144838208,South,Store,Beauty,32.0,1,1215.03,0.15,5.0,1032.78
ORD-10423,2024-04-19 16:02:57.503852080,,Online,Furniture,27.0,9,3044.38,0.05,4.5,26029.45
ORD-10424,2024-04-20 19:02:40.862865944,South,Wholesale,Electronics,56.0,11,1589.97,0.15,4.6,14866.22
ORD-10425,2024-04-21 22:02:24.221879816,North,Online,Clothing,24.0,5,1581.67,0.1,3.0,7117.52
ORD-10426,2024-04-23 01:02:07.580893680,North,Online,Office Supplies,62.0,3,2898.76,0.0,3.2,8696.28
ORD-10427,2024-04-24 04:01:50.939907552,South,Store,Clothing,35.0,7,2615.9,0.05,4.6,17395.73
ORD-10428,2024-04-25 07:01:34.298921416,East,Store,Office Supplies,46.0,4,2200.38,0.15,3.8,7481.29
ORD-10429,2024-04-26 10:01:17.657935280,North,Online,Clothing,37.0,3,1500.45,0.1,3.7,4051.22
ORD-10430,2024-04-27 13:01:01.016949152,West,Online,Beauty,34.0,10,3564.9,0.1,4.1,32084.1
ORD-10431,2024-04-28 16:00:44.375963016,South,Online,Beauty,59.0,7,2094.73,0.2,3.1,11730.49
ORD-10432,2024-04-29 19:00:27.734976888,South,Online,Electronics,35.0,10,2210.24,0.1,4.4,19892.16
ORD-10433,2024-04-30 22:00:11.093990752,East,Online,Beauty,64.0,8,1671.67,0.1,3.9,12036.02
ORD-10434,2024-05-02 00:59:54.453004624,West,Online,Office Supplies,48.0,9,739.27,0.15,4.2,5655.42
ORD-10435,2024-05-03 03:59:37.812018488,South,Online,Furniture,35.0,9,798.93,0.05,3.5,6830.85
ORD-10436,2024-05-04 06:59:21.171032352,West,Online,Beauty,59.0,4,2105.23,0.0,4.2,8420.92
ORD-10437,2024-05-05 09:59:04.530046224,South,Store,Electronics,31.0,2,2093.87,0.05,3.4,3978.35
ORD-10438,2024-05-06 12:58:47.889060088,North,Online,Furniture,34.0,6,1620.0,0.1,4.5,8748.0
ORD-10439,2024-05-07 15:58:31.248073960,West,Online,Beauty,60.0,11,921.24,0.15,4.6,8613.59
ORD-10440,2024-05-08 18:58:14.607087824,West,Online,Furniture,27.0,10,718.76,0.1,4.5,6468.84
ORD-10441,2024-05-09 21:57:57.966101696,West,Store,Beauty,60.0,8,1554.11,0.05,4.2,11811.24
ORD-10442,2024-05-11 00:57:41.325115560,West,Online,Office Supplies,18.0,4,707.9,0.2,4.3,2265.28
ORD-10443,2024-05-12 03:57:24.684129432,South,Online,Office Supplies,18.0,3,2474.19,0.05,2.1,7051.44
ORD-10444,2024-05-13 06:57:08.043143296,North,Store,Furniture,24.0,9,2664.5,0.0,4.4,23980.5
ORD-10445,2024-05-14 09:56:51.402157160,East,Online,Electronics,47.0,5,3921.78,0.1,3.7,17648.01
ORD-10446,2024-05-15 12:56:34.761171032,East,Wholesale,Beauty,58.0,9,2458.74,0.05,4.0,21022.23
ORD-10447,2024-05-16 15:56:18.120184896,South,Wholesale,Electronics,58.0,3,1355.36,0.0,3.7,4066.08
ORD-10448,2024-05-17 18:56:01.479198768,East,Online,Electronics,47.0,6,1146.25,0.1,3.0,6189.75
ORD-10449,2024-05-18 21:55:44.838212632,South,Store,Electronics,48.0,9,200.0,0.1,3.5,1620.0
ORD-10450,2024-05-20 00:55:28.197226504,East,Online,Furniture,65.0,10,1353.83,0.2,4.3,10830.64
ORD-10451,2024-05-21 03:55:11.556240368,West,Online,Clothing,63.0,1,1667.27,0.0,4.8,1667.27
ORD-10452,2024-05-22 06:54:54.915254232,North,Online,Electronics,21.0,5,2525.86,0.15,3.5,10734.9
ORD-10453,2024-05-23 09:54:38.274268104,South,Store,Electronics,44.0,3,2258.7,0.15,3.3,5759.68
ORD-10454,2024-05-24 12:54:21.633281968,East,Wholesale,Clothing,35.0,9,2241.26,0.05,4.8,19162.77
ORD-10455,2024-05-25 15:54:04.992295840,North,Online,Electronics,24.0,9,1960.22,0.1,3.3,15877.78
ORD-10456,2024-05-26 18:53:48.351309704,East,Store,Furniture,56.0,8,2295.68,0.1,5.0,16528.9
ORD-10457,2024-05-27 21:53:31.710323576,West,Online,Beauty,44.0,9,,0.05,3.9,24672.73
ORD-10458,2024-05-29 00:53:15.069337440,West,Online,Beauty,49.0,4,1001.34,0.0,3.3,4005.36
ORD-10459,2024-05-30 03:52:58.428351304,East,Wholesale,Office Supplies,42.0,1,1457.02,0.15,4.5,1238.47
ORD-10460,2024-05-31 06:52:41.787365176,West,Store,Beauty,21.0,6,758.6,0.0,5.0,4551.6
ORD-10461,2024-06-01 09:52:25.146379040,South,Online,Beauty,59.0,1,3014.0,0.1,3.0,2712.6
ORD-10462,2024-06-02 12:52:08.505392912,South,Wholesale,Beauty,37.0,7,2772.65,0.05,4.9,18438.12
ORD-10463,2024-06-03 15:51:51.864406776,North,Online,Furniture,28.0,7,2364.21,0.15,3.7,14067.05
ORD-10464,2024-06-04 18:51:35.223420648,East,Online,Furniture,48.0,6,901.09,0.1,4.9,4865.89
ORD-10465,2024-06-05 21:51:18.582434512,South,Online,Clothing,32.0,10,1929.71,0.05,3.7,18332.24
ORD-10466,2024-06-07 00:51:01.941448384,West,Wholesale,Electronics,51.0,2,1624.02,0.2,2.9,2598.43
ORD-10467,2024-06-08 03:50:45.300462248,South,Online,Furniture,42.0,5,1860.62,0.05,4.2,8837.94
ORD-10468,2024-06-09 06:50:28.659476112,West,Wholesale,Furniture,39.0,11,1658.91,0.1,4.5,16423.21
ORD-10469,2024-06-10 09:50:12.018489984,North,Store,Beauty,22.0,3,2189.96,0.0,5.0,6569.88
ORD-10470,2024-06-11 12:49:55.377503848,North,Online,Beauty,27.0,11,1503.87,0.15,5.0,14061.18
ORD-10471,2024-06-12 15:49:38.736517720,South,Store,Furniture,59.0,1,2440.93,0.15,4.4,2074.79
ORD-10472,2024-06-13 18:49:22.095531584,North,Online,Clothing,64.0,1,1981.05,0.15,3.7,1683.89
ORD-10473,2024-06-14 21:49:05.454545456,South,Store,Office Supplies,44.0,3,1580.19,0.1,3.6,4266.51
ORD-10474,2024-06-16 00:48:48.813559320,East,Store,Electronics,40.0,11,1716.11,0.0,3.7,18877.21
ORD-10475,2024-06-17 03:48:32.172573184,East,Store,Furniture,26.0,8,1469.56,0.1,3.4,10580.83
ORD-10476,2024-06-18 06:48:15.531587056,North,Wholesale,Clothing,52.0,6,2410.41,0.15,3.7,12293.09
ORD-10477,2024-06-19 09:47:58.890600920,North,Online,Clothing,49.0,2,1596.4,0.05,2.2,3033.16
ORD-10478,2024-06-20 12:47:42.249614792,East,Store,Beauty,43.0,2,2021.17,0.0,4.0,4042.34
ORD-10479,2024-06-21 15:47:25.608628656,East,Online,Clothing,30.0,10,1505.7,0.0,3.9,15057.0
ORD-10480,2024-06-22 18:47:08.967642528,West,Store,Beauty,21.0,10,686.17,0.15,5.0,5832.44
ORD-10481,2024-06-23 21:46:52.326656392,West,Wholesale,Office Supplies,64.0,1,2479.58,0.0,4.4,2479.58
ORD-10482,2024-06-25 00:46:35.685670256,South,Wholesale,Clothing,29.0,5,1006.41,0.0,3.6,5032.05
ORD-10483,2024-06-26 03:46:19.044684128,North,Online,Clothing,49.0,7,2309.37,0.0,4.3,16165.59
ORD-10484,2024-06-27 06:46:02.403697992,South,Online,Beauty,21.0,8,2115.11,0.15,3.1,14382.75
ORD-10485,2024-06-28 09:45:45.762711864,West,Wholesale,Beauty,50.0,1,557.97,0.05,3.5,530.07
ORD-10486,2024-06-29 12:45:29.121725728,South,Wholesale,Beauty,27.0,10,1091.49,0.1,2.7,9823.41
ORD-10487,2024-06-30 15:45:12.480739600,West,Online,Beauty,51.0,6,1414.42,0.1,4.8,7637.87
ORD-10488,2024-07-01 18:44:55.839753464,East,Wholesale,Furniture,27.0,6,1184.46,0.05,4.3,6751.42
ORD-10489,2024-07-02 21:44:39.198767336,East,Online,Beauty,41.0,4,913.45,0.1,3.1,3288.42
ORD-10490,2024-07-04 00:44:22.557781200,North,Online,Electronics,37.0,1,2355.07,0.1,3.9,2119.56
ORD-10491,2024-07-05 03:44:05.916795064,East,Store,Furniture,42.0,11,1620.37,0.1,,16041.66
ORD-10492,2024-07-06 06:43:49.275808936,South,Online,Clothing,33.0,10,2089.27,0.05,4.2,19848.06
ORD-10493,2024-07-07 09:43:32.634822800,West,Online,Clothing,34.0,10,1477.12,0.0,4.1,14771.2
ORD-10494,2024-07-08 12:43:15.993836672,North,Online,Electronics,35.0,8,2029.0,0.1,3.3,14608.8
ORD-10495,2024-07-09 15:42:59.352850536,North,Online,Clothing,48.0,6,1236.64,0.05,3.5,7048.85
ORD-10496,2024-07-10 18:42:42.711864408,East,Online,Furniture,57.0,11,1780.11,0.05,4.0,18602.15
ORD-10497,2024-07-11 21:42:26.070878272,East,Online,Clothing,35.0,2,2236.38,0.15,4.5,3801.85
ORD-10498,2024-07-13 00:42:09.429892136,West,Store,Beauty,19.0,3,1833.8,0.05,3.4,5226.33
ORD-10499,2024-07-14 03:41:52.788906008,East,Store,Furniture,27.0,5,1457.17,0.0,3.2,7285.85
ORD-10500,2024-07-15 06:41:36.147919872,South,Store,Office Supplies,22.0,9,985.0,0.1,4.6,7978.5
ORD-10501,2024-07-16 09:41:19.506933744,South,Store,Electronics,48.0,4,1925.72,0.1,3.3,6932.59
ORD-10502,2024-07-17 12:41:02.865947608,South,Online,Office Supplies,56.0,10,2058.71,0.0,4.6,20587.1
ORD-10503,2024-07-18 15:40:46.224961480,East,Online,Beauty,28.0,4,1606.23,0.05,4.1,6103.67
ORD-10504,2024-07-19 18:40:29.583975344,East,Online,Beauty,43.0,4,1223.01,0.1,4.5,4402.84
ORD-10505,2024-07-20 21:40:12.942989216,South,Online,Clothing,40.0,4,2206.94,0.05,5.0,8386.37
ORD-10506,2024-07-22 00:39:56.302003080,North,Store,Furniture,39.0,5,3661.3,0.2,4.3,14645.2
ORD-10507,2024-07-23 03:39:39.661016944,East,Online,Furniture,60.0,9,1573.15,0.15,4.4,12034.6
ORD-10508,2024-07-24 06:39:23.020030816,North,Online,Beauty,30.0,4,2052.55,0.1,3.3,7389.18
ORD-10509,2024-07-25 09:39:06.379044680,North,Store,Clothing,47.0,6,2083.04,0.15,3.4,10623.5
ORD-10510,2024-07-26 12:38:49.738058552,South,Online,Beauty,44.0,1,200.0,0.0,4.3,200.0
ORD-10511,2024-07-27 15:38:33.097072416,,Online,Furniture,60.0,7,1892.9,0.0,4.9,13250.3
ORD-10512,2024-07-28 18:38:16.456086288,South,Store,Furniture,28.0,3,1270.11,0.15,4.8,3238.78
ORD-10513,2024-07-29 21:37:59.815100152,East,Store,Beauty,62.0,6,2838.52,0.1,5.0,15328.01
ORD-10514,2024-07-31 00:37:43.174114016,North,Online,Furniture,59.0,4,1609.51,0.0,4.1,6438.04
ORD-10515,2024-08-01 03:37:26.533127888,South,Store,Clothing,39.0,5,1216.85,0.1,4.0,5475.82
ORD-10516,2024-08-02 06:37:09.892141752,West,Online,Electronics,57.0,2,1636.13,0.1,4.6,2945.03
ORD-10517,2024-08-03 09:36:53.251155624,West,Online,Electronics,49.0,6,1924.92,0.1,3.9,10394.57
ORD-10518,2024-08-04 12:36:36.610169488,East,Store,Beauty,33.0,9,1380.07,0.0,3.9,12420.63
ORD-10519,2024-08-05 15:36:19.969183360,West,Online,Furniture,58.0,7,1760.5,0.0,3.2,12323.5
ORD-10520,2024-08-06 18:36:03.328197224,South,Online,Electronics,19.0,5,784.38,0.05,4.5,3725.8
ORD-10521,2024-08-07 21:35:46.687211088,North,Store,Furniture,24.0,10,1631.06,0.0,3.2,16310.6
ORD-10522,2024-08-09 00:35:30.046224960,North,Store,Electronics,60.0,7,2381.75,0.0,4.2,16672.25
ORD-10523,2024-08-10 03:35:13.405238824,North,Online,Clothing,56.0,7,3276.88,0.1,3.0,20644.34
ORD-10524,2024-08-11 06:34:56.764252696,West,Store,Beauty,32.0,4,2329.89,0.05,4.6,8853.58
ORD-10525,2024-08-12 09:34:40.123266560,West,Online,Electronics,65.0,8,2003.95,0.0,3.2,16031.6
ORD-10526,2024-08-13 12:34:23.482280432,North,Wholesale,Office Supplies,49.0,4,2687.82,0.15,4.4,9138.59
ORD-10527,2024-08-14 15:34:06.841294296,East,Online,Furniture,29.0,3,2564.33,0.05,2.9,7308.34
ORD-10528,2024-08-15 18:33:50.200308168,North,Online,Clothing,59.0,9,3047.88,0.15,3.6,23316.28
ORD-10529,2024-08-16 21:33:33.559322032,West,Online,Clothing,65.0,7,2611.99,0.1,4.7,16455.54
ORD-10530,2024-08-18 00:33:16.918335896,North,Wholesale,Clothing,56.0,6,1711.6,0.1,3.4,9242.64
ORD-10531,2024-08-19 03:33:00.277349768,East,Online,Electronics,47.0,8,1993.84,0.05,3.9,15153.18
ORD-10532,2024-08-20 06:32:43.636363632,North,Store,Electronics,59.0,7,1934.37,0.1,3.6,12186.53
ORD-10533,2024-08-21 09:32:26.995377504,East,Wholesale,Beauty,56.0,9,2026.6,0.0,2.4,18239.4
ORD-10534,2024-08-22 12:32:10.354391368,West,Wholesale,Electronics,41.0,5,1950.24,0.05,4.1,9263.64
ORD-10535,2024-08-23 15:31:53.713405240,East,Online,Office Supplies,54.0,11,1213.18,0.15,4.2,11343.23
ORD-10536,2024-08-24 18:31:37.072419104,South,Store,Office Supplies,58.0,7,222.27,0.0,3.2,1555.89
ORD-10537,2024-08-25 21:31:20.431432968,West,Store,Furniture,19.0,6,1296.24,0.05,4.3,7388.57
ORD-10538,2024-08-27 00:31:03.790446840,South,Store,Electronics,40.0,10,280.47,0.1,3.4,2524.23
ORD-10539,2024-08-28 03:30:47.149460704,West,Online,Electronics,62.0,11,1850.97,0.05,3.2,19342.64
ORD-10540,2024-08-29 06:30:30.508474576,West,Online,Office Supplies,30.0,3,1803.4,0.05,3.9,5139.69
ORD-10541,2024-08-30 09:30:13.867488440,South,Online,Electronics,47.0,3,543.32,0.15,3.5,1385.47
ORD-10542,2024-08-31 12:29:57.226502312,East,Online,Clothing,41.0,6,2316.13,0.0,5.0,13896.78
ORD-10543,2024-09-01 15:29:40.585516176,West,Store,Beauty,46.0,1,2450.14,0.0,2.9,2450.14
ORD-10544,2024-09-02 18:29:23.944530048,North,Online,Clothing,34.0,8,1871.89,0.15,4.4,12728.85
ORD-10545,2024-09-03 21:29:07.303543912,North,Online,Beauty,48.0,8,3050.75,0.05,4.5,23185.7
ORD-10546,2024-09-05 00:28:50.662557776,South,Online,Clothing,54.0,1,3203.75,0.05,2.6,3043.56
ORD-10547,2024-09-06 03:28:34.021571648,North,Online,Clothing,53.0,3,895.5,0.15,2.8,2283.52
ORD-10548,2024-09-07 06:28:17.380585512,West,Online,Electronics,57.0,11,2577.53,0.05,4.3,26935.19
ORD-10549,2024-09-08 09:28:00.739599384,West,Wholesale,Office Supplies,30.0,2,2130.64,0.2,3.6,3409.02
ORD-10550,2024-09-09 12:27:44.098613248,South,Online,Furniture,24.0,6,2113.74,0.15,4.1,10780.07
ORD-10551,2024-09-10 15:27:27.457627120,South,Online,Electronics,44.0,8,2500.84,0.15,4.6,17005.71
ORD-10552,2024-09-11 18:27:10.816640984,East,Store,Beauty,25.0,3,1260.62,0.0,3.7,3781.86
ORD-10553,2024-09-12 21:26:54.175654848,South,Online,Beauty,48.0,4,1355.72,0.0,3.2,5422.88
ORD-10554,2024-09-14 00:26:37.534668720,North,Online,Electronics,36.0,9,1180.0,0.15,2.1,9027.0
ORD-10555,2024-09-15 03:26:20.893682584,East,Wholesale,Beauty,52.0,5,1233.82,0.15,4.0,5243.74
ORD-10556,2024-09-16 06:26:04.252696456,East,Wholesale,Office Supplies,40.0,9,1726.12,0.0,3.3,15535.08
ORD-10557,2024-09-17 09:25:47.611710320,North,Store,Clothing,44.0,1,711.13,0.0,4.1,711.13
ORD-10558,2024-09-18 12:25:30.970724192,West,Online,Electronics,63.0,7,1015.7,0.0,4.1,7109.9
ORD-10559,2024-09-19 15:25:14.329738056,East,Online,Beauty,48.0,4,2233.15,0.0,3.0,8932.6
ORD-10560,2024-09-20 18:24:57.688751920,West,Online,Beauty,63.0,11,1746.78,0.05,5.0,18253.85
ORD-10561,2024-09-21 21:24:41.047765792,West,Online,Clothing,29.0,5,2087.22,0.1,4.6,9392.49
ORD-10562,2024-09-23 00:24:24.406779656,East,Online,Electronics,64.0,1,383.05,0.1,4.5,344.74
ORD-10563,2024-09-24 03:24:07.765793528,South,Online,Office Supplies,28.0,10,1212.11,0.0,3.1,12121.1
ORD-10564,2024-09-25 06:23:51.124807392,South,Store,Office Supplies,53.0,6,1383.43,0.0,3.6,8300.58
ORD-10565,2024-09-26 09:23:34.483821264,,Online,Furniture,20.0,1,1824.4,0.0,3.5,1824.4
ORD-10566,2024-09-27 12:23:17.842835128,North,Online,Office Supplies,50.0,9,1360.29,0.05,3.6,11630.48
ORD-10567,2024-09-28 15:23:01.201849000,North,Wholesale,Clothing,60.0,7,2499.91,0.0,3.2,17499.37
ORD-10568,2024-09-29 18:22:44.560862864,East,Online,Clothing,30.0,11,1756.29,0.15,4.2,16421.31
ORD-10569,2024-09-30 21:22:27.919876728,West,Online,Furniture,25.0,8,1812.76,0.05,4.0,13776.98
ORD-10570,2024-10-02 00:22:11.278890600,West,Online,Beauty,35.0,8,1810.15,0.0,4.1,14481.2
ORD-10571,2024-10-03 03:21:54.637904464,West,Store,Office Supplies,21.0,3,2330.99,0.1,3.6,6293.67
ORD-10572,2024-10-04 06:21:37.996918336,North,Store,Clothing,18.0,7,1446.28,0.2,4.7,8099.17
ORD-10573,2024-10-05 09:21:21.355932200,South,Store,Beauty,38.0,2,2641.8,0.15,4.0,4491.06
ORD-10574,2024-10-06 12:21:04.714946072,South,Store,Furniture,57.0,5,2145.04,0.1,2.1,9652.68
ORD-10575,2024-10-07 15:20:48.073959936,East,Online,Beauty,37.0,5,1915.53,0.05,3.5,9098.77
ORD-10576,2024-10-08 18:20:31.432973800,East,Online,Electronics,31.0,7,1831.3,0.05,3.9,12178.14
ORD-10577,2024-10-09 21:20:14.791987672,North,Store,Furniture,28.0,3,2190.23,0.05,4.5,6242.16
ORD-10578,2024-10-11 00:19:58.151001536,East,Wholesale,Clothing,21.0,7,2561.54,0.15,3.7,15241.16
ORD-10579,2024-10-12 03:19:41.510015408,East,Store,Clothing,36.0,4,2509.15,0.15,3.7,8531.11
ORD-10580,2024-10-13 06:19:24.869029272,West,Store,Beauty,33.0,10,2081.9,0.1,3.5,18737.1
ORD-10581,2024-10-14 09:19:08.228043144,,Store,Office Supplies,39.0,11,2457.54,0.15,4.3,22978.0
ORD-10582,2024-10-15 12:18:51.587057008,North,Online,Electronics,33.0,10,1888.77,0.1,3.6,16998.93
ORD-10583,2024-10-16 15:18:34.946070872,West,Wholesale,Office Supplies,46.0,3,2739.37,0.1,3.5,7396.3
ORD-10584,2024-10-17 18:18:18.305084744,North,Online,Clothing,52.0,9,1780.05,0.05,3.4,15219.43
ORD-10585,2024-10-18 21:18:01.664098608,North,Online,Electronics,18.0,11,243.65,0.0,4.3,2680.15
ORD-10586,2024-10-20 00:17:45.023112480,West,Store,Electronics,18.0,11,2803.41,0.0,3.6,30837.51
ORD-10587,2024-10-21 03:17:28.382126344,South,Store,Office Supplies,31.0,10,1880.89,0.15,2.8,15987.56
ORD-10588,2024-10-22 06:17:11.741140216,East,Store,Office Supplies,29.0,1,921.69,0.15,4.3,783.44
ORD-10589,2024-10-23 09:16:55.100154080,North,Online,Office Supplies,22.0,2,1651.33,0.15,3.4,2807.26
ORD-10590,2024-10-24 12:16:38.459167952,East,Online,Office Supplies,61.0,9,1137.12,0.15,4.1,8698.97
ORD-10591,2024-10-25 15:16:21.818181816,South,Online,Clothing,22.0,4,3375.16,0.15,4.1,11475.54
ORD-10592,2024-10-26 18:16:05.177195680,West,Wholesale,Clothing,59.0,6,2173.26,0.05,4.7,12387.58
ORD-10593,2024-10-27 21:15:48.536209552,East,Wholesale,Office Supplies,21.0,6,623.47,0.15,4.6,3179.7
ORD-10594,2024-10-29 00:15:31.895223416,West,Online,Beauty,48.0,9,2209.62,0.0,3.5,19886.58
ORD-10595,2024-10-30 03:15:15.254237288,West,Wholesale,Office Supplies,36.0,9,1500.95,0.1,3.8,12157.7
ORD-10596,2024-10-31 06:14:58.613251152,West,Online,Clothing,44.0,4,3237.59,0.0,3.1,12950.36
ORD-10597,2024-11-01 09:14:41.972265024,North,Online,Clothing,43.0,9,1010.48,0.2,5.0,7275.46
ORD-10598,2024-11-02 12:14:25.331278888,West,Store,Furniture,28.0,6,200.0,0.15,4.2,1020.0
ORD-10599,2024-11-03 15:14:08.690292752,East,Online,Clothing,22.0,7,1849.4,0.0,4.8,12945.8
ORD-10600,2024-11-04 18:13:52.049306624,South,Online,Clothing,60.0,10,1538.98,0.15,3.7,13081.33
ORD-10601,2024-11-05 21:13:35.408320488,South,Online,Office Supplies,53.0,4,1487.56,0.15,2.6,5057.7
ORD-10602,2024-11-07 00:13:18.767334360,East,Store,Office Supplies,54.0,1,200.0,0.0,4.9,200.0
ORD-10603,2024-11-08 03:13:02.126348224,North,Store,Office Supplies,47.0,8,2120.11,0.1,4.0,15264.79
ORD-10604,2024-11-09 06:12:45.485362096,North,Wholesale,Office Supplies,42.0,4,3055.01,0.05,4.0,11609.04
ORD-10605,2024-11-10 09:12:28.844375960,West,Wholesale,Clothing,58.0,3,368.21,0.1,3.9,994.17
ORD-10606,2024-11-11 12:12:12.203389832,West,Online,Furniture,25.0,6,2678.42,0.15,4.3,13659.94
ORD-10607,2024-11-12 15:11:55.562403696,East,Online,Electronics,47.0,10,1373.46,0.1,4.2,12361.14
ORD-10608,2024-11-13 18:11:38.921417560,West,Wholesale,Office Supplies,28.0,10,3561.75,0.0,2.9,35617.5
ORD-10609,2024-11-14 21:11:22.280431432,South,Store,Beauty,49.0,9,2127.01,0.1,4.6,17228.78
ORD-10610,2024-11-16 00:11:05.639445296,East,Online,Furniture,36.0,3,1659.12,0.1,3.6,4479.62
ORD-10611,2024-11-17 03:10:48.998459168,North,Online,Furniture,38.0,11,2629.04,0.0,3.6,28919.44
ORD-10612,2024-11-18 06:10:32.357473032,South,Wholesale,Furniture,,10,2194.52,0.0,5.0,21945.2
ORD-10613,2024-11-19 09:10:15.716486904,North,Store,Beauty,46.0,1,1355.66,0.05,4.5,1287.88
ORD-10614,2024-11-20 12:09:59.075500768,South,Online,Electronics,20.0,3,2332.66,0.0,3.7,6997.98
ORD-10615,2024-11-21 15:09:42.434514632,South,Store,Office Supplies,55.0,2,1416.98,0.0,2.7,2833.96
ORD-10616,2024-11-22 18:09:25.793528504,South,Store,Office Supplies,37.0,4,458.63,0.1,4.0,1651.07
ORD-10617,2024-11-23 21:09:09.152542368,South,Online,Office Supplies,65.0,8,3323.69,0.2,4.3,21271.62
ORD-10618,2024-11-25 00:08:52.511556240,North,Wholesale,Furniture,39.0,7,1537.81,0.1,3.8,9688.2
ORD-10619,2024-11-26 03:08:35.870570104,South,Wholesale,Clothing,23.0,2,1343.24,0.1,3.1,2417.83
ORD-10620,2024-11-27 06:08:19.229583976,West,Online,Beauty,31.0,8,2054.04,0.15,3.4,13967.47
ORD-10621,2024-11-28 09:08:02.588597840,South,Online,Office Supplies,40.0,7,630.28,0.1,3.1,3970.76
ORD-10622,2024-11-29 12:07:45.947611704,East,Online,Beauty,36.0,10,784.82,0.1,4.0,7063.38
ORD-10623,2024-11-30 15:07:29.306625576,North,Store,Electronics,30.0,4,1425.26,0.0,4.4,5701.04
ORD-10624,2024-12-01 18:07:12.665639440,South,Store,Furniture,33.0,10,1410.21,0.15,4.6,11986.78
ORD-10625,2024-12-02 21:06:56.024653312,West,Store,Beauty,53.0,8,1853.92,0.0,3.4,14831.36
ORD-10626,2024-12-04 00:06:39.383667176,East,Store,Clothing,36.0,3,2641.92,0.0,4.1,7925.76
ORD-10627,2024-12-05 03:06:22.742681048,North,Online,Electronics,25.0,4,1444.48,0.1,4.3,5200.13
ORD-10628,2024-12-06 06:06:06.101694912,East,Store,Beauty,47.0,9,2169.6,0.1,3.6,17573.76
ORD-10629,2024-12-07 09:05:49.460708784,West,Online,Beauty,53.0,8,2251.16,0.15,3.8,15307.89
ORD-10630,2024-12-08 12:05:32.819722648,South,Store,Furniture,41.0,7,986.94,0.05,5.0,6563.15
ORD-10631,2024-12-09 15:05:16.178736512,North,Online,Electronics,52.0,5,1971.34,0.15,4.0,8378.2
ORD-10632,2024-12-10 18:04:59.537750384,West,Online,Office Supplies,27.0,5,1093.0,0.1,4.5,4918.5
ORD-10633,2024-12-11 21:04:42.896764248,South,Wholesale,Office Supplies,24.0,7,,0.15,3.6,15457.62
ORD-10634,2024-12-13 00:04:26.255778120,West,Store,Office Supplies,56.0,9,2141.32,0.1,3.9,17344.69
ORD-10635,2024-12-14 03:04:09.614791984,South,Online,Clothing,55.0,3,1812.38,0.0,2.8,5437.14
ORD-10636,2024-12-15 06:03:52.973805856,South,Online,Clothing,42.0,10,795.23,0.0,3.9,7952.3
ORD-10637,2024-12-16 09:03:36.332819720,West,Store,Clothing,41.0,3,1886.99,0.1,4.7,5094.87
ORD-10638,2024-12-17 12:03:19.691833584,North,Online,Beauty,40.0,6,1224.73,0.05,5.0,6980.96
ORD-10639,2024-12-18 15:03:03.050847456,North,Online,Clothing,28.0,4,2329.47,0.05,4.7,8851.99
ORD-10640,2024-12-19 18:02:46.409861320,West,Online,Electronics,52.0,11,1710.51,0.05,4.3,17874.83
ORD-10641,2024-12-20 21:02:29.768875192,West,Store,Electronics,36.0,2,1190.74,0.0,3.9,2381.48
ORD-10642,2024-12-22 00:02:13.127889056,West,Online,Beauty,54.0,2,2494.14,0.1,3.5,4489.45
ORD-10643,2024-12-23 03:01:56.486902928,North,Store,Beauty,39.0,8,2341.15,0.05,3.8,17792.74
ORD-10644,2024-12-24 06:01:39.845916792,North,Online,Clothing,58.0,2,1355.03,0.15,4.3,2303.55
ORD-10645,2024-12-25 09:01:23.204930656,South,Store,Furniture,58.0,11,2671.52,0.0,3.4,29386.72
ORD-10646,2024-12-26 12:01:06.563944528,East,Online,Clothing,56.0,9,1576.2,0.2,4.5,11348.64
ORD-10647,2024-12-27 15:00:49.922958392,West,Wholesale,Electronics,30.0,10,1568.14,0.15,3.3,13329.19
ORD-10648,2024-12-28 18:00:33.281972264,West,Wholesale,Clothing,50.0,4,1892.85,0.05,2.7,7192.83
ORD-10649,2024-12-29 21:00:16.640986128,South,Online,Furniture,54.0,9,1235.52,0.15,3.2,9451.73
ORD-10650,2024-12-31 00:00:00.000000000,West,Online,Beauty,52.0,7,1468.77,0.1,2.8,9253.25
ORD-10011,2023-01-12 05:57:13.590138674,South,Online,Clothing,43.0,5,3374.49,0.1,4.7,15185.2
ORD-10076,2023-03-26 08:39:11.926040061,North,Online,Electronics,50.0,9,2829.24,0.1,4.3,22916.84
ORD-10211,2023-08-25 05:01:45.392912172,East,Online,Beauty,56.0,9,2372.72,0.0,4.1,21354.48
